pass	internal/godriver	TestAppliedControlReportMustAgreeWithItsEvidence	
pass	internal/godriver	TestBuildAcceptsAManagerStartedThroughALauncherLink	
pass	internal/godriver	TestBuildClassifiesOfflineVendorAndToolchainFailures	
pass	internal/godriver	TestBuildClassifiesOfflineVendorAndToolchainFailures/inconsistent_vendor	
pass	internal/godriver	TestBuildClassifiesOfflineVendorAndToolchainFailures/missing_vendor	
pass	internal/godriver	TestBuildClassifiesOfflineVendorAndToolchainFailures/toolchain	
pass	internal/godriver	TestBuildDetectsSourceMutationThroughTheLastChild	
pass	internal/godriver	TestBuildEmitsExactlyOneClosedCapabilityEvidenceRecord	
pass	internal/godriver	TestBuildEnforcesOutputDeadlineDiskAndNonzeroExit	
pass	internal/godriver	TestBuildEnforcesOutputDeadlineDiskAndNonzeroExit/combined_output	
pass	internal/godriver	TestBuildEnforcesOutputDeadlineDiskAndNonzeroExit/deadline	
pass	internal/godriver	TestBuildEnforcesOutputDeadlineDiskAndNonzeroExit/nonzero_exit	
pass	internal/godriver	TestBuildFailsClosedWhenTheGoChildCannotStart	
pass	internal/godriver	TestBuildPermitIsBoundToTheSessionAndVector	
pass	internal/godriver	TestBuildRejectsArtifactLinksOversizeAndUnexpectedOutputs	
pass	internal/godriver	TestBuildRejectsArtifactLinksOversizeAndUnexpectedOutputs/extra_output	
pass	internal/godriver	TestBuildRejectsArtifactLinksOversizeAndUnexpectedOutputs/missing_output	
pass	internal/godriver	TestBuildRejectsArtifactLinksOversizeAndUnexpectedOutputs/oversize	
pass	internal/godriver	TestBuildRejectsArtifactLinksOversizeAndUnexpectedOutputs/symlink	
pass	internal/godriver	TestBuildRejectsDirectivesPGOAndMultipleRootsBeforeBuild	
pass	internal/godriver	TestBuildRejectsDirectivesPGOAndMultipleRootsBeforeBuild/cgo_import_dynamic	
pass	internal/godriver	TestBuildRejectsDirectivesPGOAndMultipleRootsBeforeBuild/generator	
pass	internal/godriver	TestBuildRejectsDirectivesPGOAndMultipleRootsBeforeBuild/multiple_roots	
pass	internal/godriver	TestBuildRejectsDirectivesPGOAndMultipleRootsBeforeBuild/pgo	
pass	internal/godriver	TestBuildRejectsEveryPackageInfluenceSurface	
pass	internal/godriver	TestBuildRejectsEveryPackageInfluenceSurface/args	
pass	internal/godriver	TestBuildRejectsEveryPackageInfluenceSurface/env	
pass	internal/godriver	TestBuildRejectsEveryPackageInfluenceSurface/executable	
pass	internal/godriver	TestBuildRejectsEveryPackageInfluenceSurface/flags	
pass	internal/godriver	TestBuildRejectsEveryPackageInfluenceSurface/generate	
pass	internal/godriver	TestBuildRejectsEveryPackageInfluenceSurface/hooks	
pass	internal/godriver	TestBuildRejectsEveryPackageInfluenceSurface/output	
pass	internal/godriver	TestBuildRejectsEveryPackageInfluenceSurface/plugins	
pass	internal/godriver	TestBuildRejectsHardLinkedArtifact	
pass	internal/godriver	TestBuildRejectsOversizedPrivateState	
pass	internal/godriver	TestBuildRejectsWorkspaceAndPackageSelectedToolchainBeforeGo	
pass	internal/godriver	TestBuildRejectsWorkspaceAndPackageSelectedToolchainBeforeGo/toolchain	
pass	internal/godriver	TestBuildRejectsWorkspaceAndPackageSelectedToolchainBeforeGo/workspace	
pass	internal/godriver	TestBuildRequiresThePackageCommandSurface	
pass	internal/godriver	TestBuildRunsExactlyOneFixedListAndBuildInsideTheWorker	
pass	internal/godriver	TestBuildStopsBeforeBuildForEveryPreflightRejectionClass	
pass	internal/godriver	TestBuildStopsBeforeBuildForEveryPreflightRejectionClass/assembly	
pass	internal/godriver	TestBuildStopsBeforeBuildForEveryPreflightRejectionClass/cgo	
pass	internal/godriver	TestBuildStopsBeforeBuildForEveryPreflightRejectionClass/dependency_error	
pass	internal/godriver	TestBuildStopsBeforeBuildForEveryPreflightRejectionClass/escaped_embed	
pass	internal/godriver	TestBuildStopsBeforeBuildForEveryPreflightRejectionClass/escaped_source	
pass	internal/godriver	TestBuildStopsBeforeBuildForEveryPreflightRejectionClass/incomplete	
pass	internal/godriver	TestBuildStopsBeforeBuildForEveryPreflightRejectionClass/native	
pass	internal/godriver	TestBuildStopsBeforeBuildForEveryPreflightRejectionClass/non_main	
pass	internal/godriver	TestBuildStopsBeforeBuildForEveryPreflightRejectionClass/package_error	
pass	internal/godriver	TestBuildStopsBeforeBuildForEveryPreflightRejectionClass/replaced_module	
pass	internal/godriver	TestBuildStopsBeforeBuildForEveryPreflightRejectionClass/syso	
pass	internal/godriver	TestBuildStopsBeforeBuildForEveryPreflightRejectionClass/test_package	
pass	internal/godriver	TestBuildTerminatesTheCompleteWorkerDomain	
pass	internal/godriver	TestCandidateLinkOutsideDerivedGOROOTFails	
pass	internal/godriver	TestCapabilityEvidenceConsistencyRules	
pass	internal/godriver	TestCapabilityEvidenceConsistencyRules/available-control-cannot-be-reported-as-unavailable	
pass	internal/godriver	TestCapabilityEvidenceConsistencyRules/available-native-control-is-applied	
pass	internal/godriver	TestCapabilityEvidenceConsistencyRules/duplicate-native-control-entry-is-rejected	
pass	internal/godriver	TestCapabilityEvidenceConsistencyRules/foreign-platform-is-rejected	
pass	internal/godriver	TestCapabilityEvidenceConsistencyRules/hardened-execution-policy-in-evidence-record	
pass	internal/godriver	TestCapabilityEvidenceConsistencyRules/hardened-guarantee-claimed-under-portable-policy	
pass	internal/godriver	TestCapabilityEvidenceConsistencyRules/missing-native-control-entry-is-rejected	
pass	internal/godriver	TestCapabilityEvidenceConsistencyRules/unavailable-control-cannot-be-reported-as-applied	
pass	internal/godriver	TestCapabilityEvidenceConsistencyRules/unavailable-native-control-does-not-reject	
pass	internal/godriver	TestCapabilityEvidenceConsistencyRules/unknown-evidence-record-version-is-rejected	
pass	internal/godriver	TestCapabilityEvidenceConsistencyRules/unknown-native-control-is-rejected	
pass	internal/godriver	TestCapabilityEvidenceConsistencyRules/unknown-probe-timing-is-rejected	
pass	internal/godriver	TestCapabilityEvidenceConsistencyRules/unprobed-availability-is-rejected	
pass	internal/godriver	TestCapabilityEvidenceIsNotACacheOrReceiptInput	
pass	internal/godriver	TestConfigFromEnvironmentAdmitsOnlyTrustedSelectors	
pass	internal/godriver	TestControlDomainInstallsBeforeTheWorkerIsReleased	
pass	internal/godriver	TestControlSeamFailureNeverDriftsIntoAHardenedClaim	
pass	internal/godriver	TestDeferredHardenedGuaranteesNeverAppearAndNeverReject	
pass	internal/godriver	TestDigestCopyDiagnosticPrecedence	
pass	internal/godriver	TestDigestCopyDiagnosticPrecedence/abandoned_after_the_last_byte	
pass	internal/godriver	TestDigestCopyDiagnosticPrecedence/abandoned_before_the_first_byte	
pass	internal/godriver	TestDigestCopyDiagnosticPrecedence/abandoned_mid-file	
pass	internal/godriver	TestDigestCopyDiagnosticPrecedence/bare_context_error_is_not_this_loop's_abort	
pass	internal/godriver	TestDigestCopyDiagnosticPrecedence/close_failure	
pass	internal/godriver	TestDigestCopyDiagnosticPrecedence/complete_copy	
pass	internal/godriver	TestDigestCopyDiagnosticPrecedence/file_grew_under_the_read	
pass	internal/godriver	TestDigestCopyDiagnosticPrecedence/file_shrank_under_the_read	
pass	internal/godriver	TestDigestCopyDiagnosticPrecedence/read_failure	
pass	internal/godriver	TestDirectiveScanFindsExactTokenAcrossReadBoundary	
pass	internal/godriver	TestEstablishUsesExactPrivateProbeAndFrozenEnvironment	
pass	internal/godriver	TestEveryControlSeamFailureRejectsBeforeTheWorkerExecutes	
pass	internal/godriver	TestEveryControlSeamFailureRejectsBeforeTheWorkerExecutes/availability-probe	
pass	internal/godriver	TestEveryControlSeamFailureRejectsBeforeTheWorkerExecutes/domain-installation	
pass	internal/godriver	TestEveryControlSeamFailureRejectsBeforeTheWorkerExecutes/domain-preparation	
pass	internal/godriver	TestExecutableIdentityRejectsSubstitutionAndMutation	
pass	internal/godriver	TestExecutableIdentityRejectsSubstitutionThroughALauncherLink	
pass	internal/godriver	TestExecutableIdentityRejectsSubstitutionThroughALauncherLink/dangling_launcher_link	
pass	internal/godriver	TestExecutableIdentityRejectsSubstitutionThroughALauncherLink/launcher_link_loop	
pass	internal/godriver	TestExecutableIdentityRejectsSubstitutionThroughALauncherLink/launcher_link_to_a_directory	
pass	internal/godriver	TestExecutableIdentityRejectsSubstitutionThroughALauncherLink/launcher_link_to_a_hard-linked_file	
pass	internal/godriver	TestExecutableIdentityRejectsSubstitutionThroughALauncherLink/launcher_link_to_an_empty_file	
pass	internal/godriver	TestExecutableIdentityResolvesALauncherLink	
pass	internal/godriver	TestExecutableIdentityResolvesALauncherLink/chain_of_shim_symlinks	
pass	internal/godriver	TestExecutableIdentityResolvesALauncherLink/shim_symlink_on_PATH	
pass	internal/godriver	TestExecutableIdentityResolvesALauncherLink/symlinked_install_directory	
pass	internal/godriver	TestExecutableIdentityResolvesALauncherLink/unclean_relative_spelling_of_the_link	
pass	internal/godriver	TestExecutableIdentityResolvesALauncherReachedThroughADirectoryJunction	
pass	internal/godriver	TestExecutableIdentityResolvesARealSymlinkedProcessLaunch	
pass	internal/godriver	TestExecutableIdentityStillRejectsSubstitutionBehindAJunction	
pass	internal/godriver	TestFingerprintCancellationStaysFailClosed	
pass	internal/godriver	TestFingerprintCancellationStaysFailClosed/cancelled_before_the_walk	
pass	internal/godriver	TestFingerprintCancellationStaysFailClosed/cancelled_between_the_walk_and_the_digest	
pass	internal/godriver	TestFingerprintCancellationStaysFailClosed/cancelled_exactly_at_the_phase_boundary	
pass	internal/godriver	TestFingerprintCancellationStaysFailClosed/cancelled_inside_a_record_read	
pass	internal/godriver	TestFingerprintCancellationStaysFailClosed/cancelled_inside_a_record_read/after_a_partial_chunk	
pass	internal/godriver	TestFingerprintCancellationStaysFailClosed/cancelled_inside_a_record_read/after_the_last_chunk	
pass	internal/godriver	TestFingerprintCancellationStaysFailClosed/cancelled_inside_a_record_read/before_the_first_chunk	
pass	internal/godriver	TestFingerprintCancellationStaysFailClosed/cancelled_on_an_empty_root	
pass	internal/godriver	TestFingerprintCancellationStaysFailClosed/every_cancellation_point_stays_a_deadline	
pass	internal/godriver	TestFingerprintDetectsMutationBetweenRuns	
pass	internal/godriver	TestFingerprintDigestPhaseResolvesEveryFileFromTheRoot	
pass	internal/godriver	TestFingerprintDigestPhaseResolvesEveryFileFromTheRoot/directory_renamed_away_and_back	
pass	internal/godriver	TestFingerprintDigestPhaseResolvesEveryFileFromTheRoot/directory_renamed_away_and_replaced	
pass	internal/godriver	TestFingerprintDigestPhaseResolvesEveryFileFromTheRoot/directory_renamed_away_with_nothing_in_its_place	
pass	internal/godriver	TestFingerprintDigestPhaseResolvesEveryFileFromTheRoot/directory_replaced_by_a_link_to_the_detached_copy	
pass	internal/godriver	TestFingerprintDigestPhaseResolvesEveryFileFromTheRoot/single_file_swapped_in_place	
pass	internal/godriver	TestFingerprintDigestPhaseResolvesEveryFileFromTheRoot/unchanged_between_the_phases	
pass	internal/godriver	TestFingerprintDigestPhaseResolvesReplacedAncestors	
pass	internal/godriver	TestFingerprintDoesNotDescendLinkedDirectories	
pass	internal/godriver	TestFingerprintIsStableAcrossRepeatedRuns	
pass	internal/godriver	TestFingerprintRejectsDanglingLink	
pass	internal/godriver	TestFingerprintRejectsDuplicateEncodedClaim	
pass	internal/godriver	TestFingerprintRejectsEscapingAndAbsoluteLinks	
pass	internal/godriver	TestFingerprintRejectsEscapingAndAbsoluteLinks/absolute	
pass	internal/godriver	TestFingerprintRejectsEscapingAndAbsoluteLinks/escape	
pass	internal/godriver	TestFingerprintRejectsFileRecordResolvingToADirectory	
pass	internal/godriver	TestFingerprintReportsUnreadableDirectoryIdentically	
pass	internal/godriver	TestFingerprintTraversalMatchesLegacyOnErrorPrecedence	
pass	internal/godriver	TestFingerprintTraversalMatchesLegacyOnErrorPrecedence/deeper_violation_reached_before_a_later_sibling	
pass	internal/godriver	TestFingerprintTraversalMatchesLegacyOnErrorPrecedence/shallow_violation_outranks_a_deeper_one	
pass	internal/godriver	TestFingerprintTraversalMatchesLegacyOnErrorPrecedence/sibling_violations_in_one_directory	
pass	internal/godriver	TestFingerprintTraversalMatchesLegacyOnErrorPrecedence/violation_inside_a_subtree_that_sorts_before_its_siblings	
pass	internal/godriver	TestFingerprintTraversalMatchesLegacyOnFailClosedTrees	
pass	internal/godriver	TestFingerprintTraversalMatchesLegacyOnFailClosedTrees/absolute_link	
pass	internal/godriver	TestFingerprintTraversalMatchesLegacyOnFailClosedTrees/dangling_link	
pass	internal/godriver	TestFingerprintTraversalMatchesLegacyOnFailClosedTrees/dangling_link_deep_in_the_tree	
pass	internal/godriver	TestFingerprintTraversalMatchesLegacyOnFailClosedTrees/escaping_link	
pass	internal/godriver	TestFingerprintTraversalMatchesLegacyOnFailClosedTrees/link_cycle	
pass	internal/godriver	TestFingerprintTraversalMatchesLegacyOnRealToolchain	
pass	internal/godriver	TestFingerprintTraversalMatchesLegacyOnRepresentativeTrees	
pass	internal/godriver	TestFingerprintTraversalMatchesLegacyOnRepresentativeTrees/deeply_nested_chain	
pass	internal/godriver	TestFingerprintTraversalMatchesLegacyOnRepresentativeTrees/empty_directories	
pass	internal/godriver	TestFingerprintTraversalMatchesLegacyOnRepresentativeTrees/empty_root	
pass	internal/godriver	TestFingerprintTraversalMatchesLegacyOnRepresentativeTrees/flat_files	
pass	internal/godriver	TestFingerprintTraversalMatchesLegacyOnRepresentativeTrees/large_file_crossing_the_copy_buffer	
pass	internal/godriver	TestFingerprintTraversalMatchesLegacyOnRepresentativeTrees/link_escaping_its_directory_but_not_the_root	
pass	internal/godriver	TestFingerprintTraversalMatchesLegacyOnRepresentativeTrees/link_to_a_directory_is_recorded,_not_descended	
pass	internal/godriver	TestFingerprintTraversalMatchesLegacyOnRepresentativeTrees/link_to_a_link	
pass	internal/godriver	TestFingerprintTraversalMatchesLegacyOnRepresentativeTrees/nested_toolchain_shape	
pass	internal/godriver	TestFingerprintTraversalMatchesLegacyOnRepresentativeTrees/relative_links_inside_the_same_directory	
pass	internal/godriver	TestFingerprintTraversalMatchesLegacyOnRepresentativeTrees/siblings_sorting_around_the_separator	
pass	internal/godriver	TestFingerprintTraversalMatchesLegacyOnRepresentativeTrees/unicode_and_space_names	
pass	internal/godriver	TestFixedBuildArgvGuardAcceptsOnlyTheProtocolVector	
pass	internal/godriver	TestFixedBuildArgvGuardAcceptsOnlyTheProtocolVector/extra_flag	
pass	internal/godriver	TestFixedBuildArgvGuardAcceptsOnlyTheProtocolVector/other_command	
pass	internal/godriver	TestFixedBuildArgvGuardAcceptsOnlyTheProtocolVector/output_outside_private_staging	
pass	internal/godriver	TestFixedBuildArgvGuardAcceptsOnlyTheProtocolVector/package_pattern	
pass	internal/godriver	TestFixedBuildArgvGuardAcceptsOnlyTheProtocolVector/relative_output	
pass	internal/godriver	TestFixedBuildArgvGuardAcceptsOnlyTheProtocolVector/short_vector	
pass	internal/godriver	TestGodriverHelperProcess	
pass	internal/godriver	TestGoVersionLFAndCRLFNormalizeToSameIdentity	
pass	internal/godriver	TestMalformedVersionAndEnvironmentInputs	
pass	internal/godriver	TestMandatoryControlSetIsExactAndCarriesNoHardenedClaim	
pass	internal/godriver	TestNativeControlInventoryIsExhaustiveAndClosed	
pass	internal/godriver	TestOSExecutorClosesStdinAndCapturesBoundedOutput	
pass	internal/godriver	TestOSExecutorEnforcesOutputAndTimeBounds	
pass	internal/godriver	TestOSExecutorEnforcesOutputAndTimeBounds/combined_output	
pass	internal/godriver	TestOSExecutorEnforcesOutputAndTimeBounds/output	
pass	internal/godriver	TestOSExecutorEnforcesOutputAndTimeBounds/timeout	
pass	internal/godriver	TestPackageCommandSurfaceIsClosed	
pass	internal/godriver	TestPackageCommandSurfaceIsClosed/mismatched_source_dir	
pass	internal/godriver	TestPackageCommandSurfaceIsClosed/unknown_field	
pass	internal/godriver	TestPackageCommandSurfaceIsClosed/wrong_driver	
pass	internal/godriver	TestPackageCommandSurfaceIsClosed/wrong_type	
pass	internal/godriver	TestPackageGraphRejectsMalformedMissingAndDuplicateResults	
pass	internal/godriver	TestPackageGraphRejectsMalformedMissingAndDuplicateResults/duplicate	
pass	internal/godriver	TestPackageGraphRejectsMalformedMissingAndDuplicateResults/empty	
pass	internal/godriver	TestPackageGraphRejectsMalformedMissingAndDuplicateResults/malformed	
pass	internal/godriver	TestPackageGraphValidatesStandardMainModuleAndVendoredTransitiveInputs	
pass	internal/godriver	TestPackageGraphValidatesStandardMainModuleAndVendoredTransitiveInputs/standard_escape	
pass	internal/godriver	TestPackageGraphValidatesStandardMainModuleAndVendoredTransitiveInputs/transitive_assembly	
pass	internal/godriver	TestPackageGraphValidatesStandardMainModuleAndVendoredTransitiveInputs/transitive_embed_escape	
pass	internal/godriver	TestPackageGraphValidatesStandardMainModuleAndVendoredTransitiveInputs/transitive_native	
pass	internal/godriver	TestPackageGraphValidatesStandardMainModuleAndVendoredTransitiveInputs/transitive_syso	
pass	internal/godriver	TestParentClassifiesAChildStartFailureWithoutBuildContinuation	
pass	internal/godriver	TestParentClassifiesAChildStartFailureWithoutBuildContinuation/build	
pass	internal/godriver	TestParentClassifiesAChildStartFailureWithoutBuildContinuation/list	
pass	internal/godriver	TestParentRejectsAWorkerRecordThatDiffersFromWhatWasInstalled	
pass	internal/godriver	TestPortableExecutionPolicyIsABindingCacheInput	
pass	internal/godriver	TestProbeFailuresCleanPrivateStateAndHaveStableDiagnostics	
pass	internal/godriver	TestProbeFailuresCleanPrivateStateAndHaveStableDiagnostics/bounded_output	
pass	internal/godriver	TestProbeFailuresCleanPrivateStateAndHaveStableDiagnostics/future_family	
pass	internal/godriver	TestProbeFailuresCleanPrivateStateAndHaveStableDiagnostics/GOROOT_mismatch	
pass	internal/godriver	TestProbeFailuresCleanPrivateStateAndHaveStableDiagnostics/invalid_env_JSON	
pass	internal/godriver	TestProbeFailuresCleanPrivateStateAndHaveStableDiagnostics/invalid_version	
pass	internal/godriver	TestProbeFailuresCleanPrivateStateAndHaveStableDiagnostics/probe_timeout	
pass	internal/godriver	TestProbeFailuresCleanPrivateStateAndHaveStableDiagnostics/target_mismatch	
pass	internal/godriver	TestProbeFailuresCleanPrivateStateAndHaveStableDiagnostics/telemetry_escape	
pass	internal/godriver	TestProbeFailuresCleanPrivateStateAndHaveStableDiagnostics/telemetry_failure	
pass	internal/godriver	TestProbeFailuresCleanPrivateStateAndHaveStableDiagnostics/telemetry_remains_local	
pass	internal/godriver	TestProbeRejectsAnUncoveredPlatformBeforeTheWorker	
pass	internal/godriver	TestProbeRemovesStateAndNeverMemoizes	
pass	internal/godriver	TestProbeSetGuardMatchesTheInventoryExactly	
pass	internal/godriver	TestReleaseIsCleanupOnly	
pass	internal/godriver	TestResourceLimitsStayInsideManagerBounds	
pass	internal/godriver	TestSelectionFallsBackOnlyWhenHigherPriorityIsMissing	
pass	internal/godriver	TestSelectionFallsBackOnlyWhenHigherPriorityIsMissing/GOROOT	
pass	internal/godriver	TestSelectionFallsBackOnlyWhenHigherPriorityIsMissing/runtime	
pass	internal/godriver	TestSelectionPriorityAndNoPathLookup	
pass	internal/godriver	TestSelectResolvesAGoRootReachedThroughADirectoryJunction	
pass	internal/godriver	TestSelectStillRefusesAJunctionToANonDirectory	
pass	internal/godriver	TestSessionFramingRejectsMalformedAndOversizeFrames	
pass	internal/godriver	TestSessionFramingRejectsMalformedAndOversizeFrames/not_an_object	
pass	internal/godriver	TestSessionFramingRejectsMalformedAndOversizeFrames/oversize_length	
pass	internal/godriver	TestSessionFramingRejectsMalformedAndOversizeFrames/trailing_data	
pass	internal/godriver	TestSessionFramingRejectsMalformedAndOversizeFrames/truncated_payload	
pass	internal/godriver	TestSessionFramingRejectsMalformedAndOversizeFrames/unknown_field	
pass	internal/godriver	TestSessionFramingRejectsMalformedAndOversizeFrames/unknown_kind	
pass	internal/godriver	TestSessionFramingRejectsMalformedAndOversizeFrames/zero_length	
pass	internal/godriver	TestToolchainFramingMatchesRC4Vector	
pass	internal/godriver	TestToolchainMutationFailsRecheck	
pass	internal/godriver	TestToolchainWalkAnchorsDirectoryAndLinkMetadataAtTheRoot	
pass	internal/godriver	TestToolchainWalkAnchorsDirectoryAndLinkMetadataAtTheRoot/directory_metadata_is_taken_through_the_root	
pass	internal/godriver	TestToolchainWalkAnchorsDirectoryAndLinkMetadataAtTheRoot/file_metadata_is_taken_through_the_scoped_handle	
pass	internal/godriver	TestToolchainWalkAnchorsDirectoryAndLinkMetadataAtTheRoot/link_targets_are_read_through_the_root	
pass	internal/godriver	TestToolchainWalkRejectsDirectoryReplacedByFile	
pass	internal/godriver	TestToolchainWalkTakesDescentFromTheListedEntry	
pass	internal/godriver	TestToolchainWalkTakesDescentFromTheListedEntry/listed_directory_renamed_away_with_nothing_in_its_place	
pass	internal/godriver	TestToolchainWalkTakesDescentFromTheListedEntry/listed_directory_replaced_by_a_file	
pass	internal/godriver	TestToolchainWalkTakesDescentFromTheListedEntry/listed_directory_replaced_by_an_in-root_link_to_a_directory	
pass	internal/godriver	TestUnsafeToolchainCandidatesFailBeforeExecution	
pass	internal/godriver	TestUnsafeToolchainCandidatesFailBeforeExecution/missing_GOROOT	
pass	internal/godriver	TestUnsafeToolchainCandidatesFailBeforeExecution/relative_CURATOR_GO	
pass	internal/godriver	TestUnsafeToolchainCandidatesFailBeforeExecution/repository_toolchain	
pass	internal/godriver	TestUnsafeToolchainCandidatesFailBeforeExecution/wrapper	
pass	internal/godriver	TestVerifyArtifactRejectsHardLinks	
pass	internal/godriver	TestWorkerDomainTeardownSurvivesARefusedChild	
pass	internal/godriver	TestWorkerEnvironmentGuardAcceptsOnlyTheClosedOfflineEnvironment	
pass	internal/godriver	TestWorkerEnvironmentGuardAcceptsOnlyTheClosedOfflineEnvironment/cgo	
pass	internal/godriver	TestWorkerEnvironmentGuardAcceptsOnlyTheClosedOfflineEnvironment/checksum_database	
pass	internal/godriver	TestWorkerEnvironmentGuardAcceptsOnlyTheClosedOfflineEnvironment/credential_helper	
pass	internal/godriver	TestWorkerEnvironmentGuardAcceptsOnlyTheClosedOfflineEnvironment/duplicate_entry	
pass	internal/godriver	TestWorkerEnvironmentGuardAcceptsOnlyTheClosedOfflineEnvironment/external_link	
pass	internal/godriver	TestWorkerEnvironmentGuardAcceptsOnlyTheClosedOfflineEnvironment/foreign_GOROOT	
pass	internal/godriver	TestWorkerEnvironmentGuardAcceptsOnlyTheClosedOfflineEnvironment/go_env_file	
pass	internal/godriver	TestWorkerEnvironmentGuardAcceptsOnlyTheClosedOfflineEnvironment/go_flags	
pass	internal/godriver	TestWorkerEnvironmentGuardAcceptsOnlyTheClosedOfflineEnvironment/host_compiler	
pass	internal/godriver	TestWorkerEnvironmentGuardAcceptsOnlyTheClosedOfflineEnvironment/malformed_entry	
pass	internal/godriver	TestWorkerEnvironmentGuardAcceptsOnlyTheClosedOfflineEnvironment/missing_target	
pass	internal/godriver	TestWorkerEnvironmentGuardAcceptsOnlyTheClosedOfflineEnvironment/network_proxy	
pass	internal/godriver	TestWorkerEnvironmentGuardAcceptsOnlyTheClosedOfflineEnvironment/non_protocol_variable	
pass	internal/godriver	TestWorkerEnvironmentGuardAcceptsOnlyTheClosedOfflineEnvironment/output_binary_directory	
pass	internal/godriver	TestWorkerEnvironmentGuardAcceptsOnlyTheClosedOfflineEnvironment/proxy_variable	
pass	internal/godriver	TestWorkerEnvironmentGuardAcceptsOnlyTheClosedOfflineEnvironment/shared_cache	
pass	internal/godriver	TestWorkerEnvironmentGuardAcceptsOnlyTheClosedOfflineEnvironment/shared_home	
pass	internal/godriver	TestWorkerEnvironmentGuardAcceptsOnlyTheClosedOfflineEnvironment/tool_directory	
pass	internal/godriver	TestWorkerEnvironmentGuardAcceptsOnlyTheClosedOfflineEnvironment/toolchain_switch	
pass	internal/godriver	TestWorkerEnvironmentGuardAcceptsOnlyTheClosedOfflineEnvironment/version_control	
pass	internal/godriver	TestWorkerEnvironmentGuardAcceptsOnlyTheClosedOfflineEnvironment/workspace	
pass	internal/godriver	TestWorkerModeIsNotReachableThroughPackageData	
pass	internal/godriver	TestWorkerProvesTheInstalledIdentityWhenLaunchedThroughALink	
pass	internal/godriver	TestWorkerRejectsAProbeThatDropsAPlatformAvailableControl	
pass	internal/godriver	TestWorkerRejectsEveryIdentityAndRequestMutation	
pass	internal/godriver	TestWorkerRejectsEveryIdentityAndRequestMutation/executable_digest_mismatch	
pass	internal/godriver	TestWorkerRejectsEveryIdentityAndRequestMutation/executable_path_substitution	
pass	internal/godriver	TestWorkerRejectsEveryIdentityAndRequestMutation/executable_size_mismatch	
pass	internal/godriver	TestWorkerRejectsEveryIdentityAndRequestMutation/mutated_build_vector	
pass	internal/godriver	TestWorkerRejectsEveryIdentityAndRequestMutation/mutated_list_vector	
pass	internal/godriver	TestWorkerRejectsEveryIdentityAndRequestMutation/output_outside_private_staging	
pass	internal/godriver	TestWorkerRejectsEveryIdentityAndRequestMutation/platform_other_than_this_host	
pass	internal/godriver	TestWorkerRejectsEveryIdentityAndRequestMutation/poisoned_environment	
pass	internal/godriver	TestWorkerRejectsEveryIdentityAndRequestMutation/private_root_overlapping_the_snapshot	
pass	internal/godriver	TestWorkerRejectsEveryIdentityAndRequestMutation/probe_claims_an_unavailable_control	
pass	internal/godriver	TestWorkerRejectsEveryIdentityAndRequestMutation/probe_set_outside_the_inventory	
pass	internal/godriver	TestWorkerRejectsEveryIdentityAndRequestMutation/tool_directory_outside_GOROOT	
pass	internal/godriver	TestWorkerRejectsEveryIdentityAndRequestMutation/unexpected_program_below_the_worker	
pass	internal/godriver	TestWorkerRejectsEveryIdentityAndRequestMutation/unsupported_protocol_version	
pass	internal/godriver	TestWorkerRejectsEveryIdentityAndRequestMutation/widened_environment	
pass	internal/godriver	TestWorkerRejectsEveryIdentityAndRequestMutation/working_directory_outside_the_snapshot	
pass	internal/godriver	TestWorkerRejectsEveryProtocolDeviationBeforeTheCompiler	
pass	internal/godriver	TestWorkerRejectsEveryProtocolDeviationBeforeTheCompiler/build_permit_before_list_validation	
pass	internal/godriver	TestWorkerRejectsEveryProtocolDeviationBeforeTheCompiler/out_of_order_message	
pass	internal/godriver	TestWorkerRejectsEveryProtocolDeviationBeforeTheCompiler/oversize_frame	
pass	internal/godriver	TestWorkerRejectsEveryProtocolDeviationBeforeTheCompiler/permit_bound_to_another_vector	
pass	internal/godriver	TestWorkerRejectsEveryProtocolDeviationBeforeTheCompiler/replayed_session_nonce	
pass	internal/godriver	TestWorkerRejectsEveryProtocolDeviationBeforeTheCompiler/second_build_request_in_one_session	
pass	internal/godriver	TestWorkerRejectsEveryProtocolDeviationBeforeTheCompiler/second_list_in_one_session	
pass	internal/godriver	TestWorkerRejectsEveryProtocolDeviationBeforeTheCompiler/unauthenticated_build_permit	
pass	internal/godriver	TestWorkerRejectsEveryProtocolDeviationBeforeTheCompiler/unknown_message_kind	
pass	internal/godriver	TestWorkerReturnsABoundedResultWhenTheGoChildCannotStart	
pass	internal/godriver	TestWorkerRunsTheCompleteHappySession	
skip	internal/godriver	TestCacheIdentityMatchesTheAcceptedVector	CURATOR_CONFORMANCE_ROOT is not set
skip	internal/godriver	TestCandidateGoV1SourceAwareContract	CURATOR_CONFORMANCE_ROOT is not set
skip	internal/godriver	TestCandidateRC4ToolchainArtifacts	CURATOR_CONFORMANCE_ROOT is not set
skip	internal/godriver	TestCapabilityEvidenceCasesMatchTheAcceptedVector	CURATOR_CONFORMANCE_ROOT is not set
skip	internal/godriver	TestCapabilityEvidenceRecordMatchesTheAcceptedVector	CURATOR_CONFORMANCE_ROOT is not set
skip	internal/godriver	TestDeferredGuaranteesAndFailureBoundaryMatchTheAcceptedVector	CURATOR_CONFORMANCE_ROOT is not set
skip	internal/godriver	TestDriverRejectionClustersMapToStableCuratorErrors	CURATOR_CONFORMANCE_ROOT is not set
skip	internal/godriver	TestFixedEnvironmentAndFiveDirectArgvFormsVector	CURATOR_CONFORMANCE_ROOT is not set
skip	internal/godriver	TestIdentityProtocolAndPackageInfluenceCodesMatchTheAcceptedVector	CURATOR_CONFORMANCE_ROOT is not set
skip	internal/godriver	TestMandatoryControlsMatchTheAcceptedVector	CURATOR_CONFORMANCE_ROOT is not set
skip	internal/godriver	TestNativeControlInventoryMatchesTheAcceptedVector	CURATOR_CONFORMANCE_ROOT is not set
skip	internal/godriver	TestPerFileSizeLimitIsReallyApplied	per-file-size-limit is available only on macOS in rc5-native-control-inventory-v1
skip	internal/godriver	TestPortableExecutionPolicyMatchesTheAcceptedVector	CURATOR_CONFORMANCE_ROOT is not set
skip	internal/godriver	TestRealGoV1VendoredBuildIsBoundedAndNotLaunched	set CURATOR_REAL_GO_BUILD_TEST=1 for the bounded native go-v1 integration
skip	internal/godriver	TestRealTrustedGoProbe	set CURATOR_REAL_GO_TEST=1 for the bounded native toolchain probe
skip	internal/godriver	TestToolchainIdentityVectors	CURATOR_CONFORMANCE_ROOT is not set
skip	internal/godriver	TestValidPackageGraphVectors	CURATOR_CONFORMANCE_ROOT is not set
