cmd/curator	TestAuthoritativeBootstrapCasesAreExecutable	darwin,linux,windows
cmd/curator	TestAuthoritativeUpgradeCasesAreExecutable	darwin,linux,windows
cmd/curator	TestBootstrapAndProjectCommands	darwin,linux,windows
cmd/curator	TestBootstrapIfMissingCreatesAbsentConfig	darwin,linux,windows
cmd/curator	TestBootstrapIfMissingKeepsExistingConfigWithoutParsing	darwin,linux,windows
cmd/curator	TestBootstrapIfMissingRejectsForce	darwin,linux,windows
cmd/curator	TestBuildInputDriftIsAttributedOnlyAsFarAsTheMarkerProves	darwin,linux,windows
cmd/curator	TestBuildReportDetailIsBounded	darwin,linux,windows
cmd/curator	TestBuildReportsNeverPublishAnAbsolutePath	darwin,linux,windows
cmd/curator	TestCLIEndToEndInstallStatusAndTamperCheck	darwin,linux,windows
cmd/curator	TestCheckFailsForEveryNonCurrentCode	darwin,linux,windows
cmd/curator	TestClassifyBuildCommandDetectsRecordedIdentityDrift	darwin,linux,windows
cmd/curator	TestClassifyBuildCommandMapsEveryCacheOutcomeToADistinctCode	darwin,linux,windows
cmd/curator	TestClassifySkillBuildsAcceptsOnlyAnExactlyCurrentInstallation	darwin,linux,windows
cmd/curator	TestClassifySkillBuildsDetectsCommandDriftInBothDirections	darwin,linux,windows
cmd/curator	TestClassifySkillBuildsDetectsContextExposure	darwin,linux,windows
cmd/curator	TestClassifySkillBuildsRefusesAMarkerThatCannotDescribeABuild	darwin,linux,windows
cmd/curator	TestClassifySkillBuildsWithoutCompiledStateStaysSilent	darwin,linux,windows
cmd/curator	TestCompiledProjectStatusRepairRollbackRecovery	darwin,linux,windows
cmd/curator	TestCurrentnessCodesAreDistinctAndOnlyExactStatesPass	darwin,linux,windows
cmd/curator	TestDryRunNeverClaimsACompletedCompilerCheck	darwin,linux,windows
cmd/curator	TestEveryCurrentnessCodeIsDocumented	darwin,linux,windows
cmd/curator	TestGCPrunesDeadConsumersUnderTheHomeLock	darwin,linux,windows
cmd/curator	TestGCRetainsAndReportsReferencedCompiledState	darwin,linux,windows
cmd/curator	TestGCRunsSerializedAcrossConcurrentInvocations	darwin,linux,windows
cmd/curator	TestGCWaitsForTheHomeLock	darwin,linux,windows
cmd/curator	TestGlobalStatusFailsCheckWhenTheClosureCannotBeProven	darwin,linux,windows
cmd/curator	TestGlobalStatusFailsCheckWhenTheUserHomeCannotBeResolved	darwin,linux,windows
cmd/curator	TestGlobalStatusKeepsTheDeclaredSkillSurfaceWithoutCompiledCommands	darwin,linux,windows
cmd/curator	TestGlobalStatusRejectsPositionalArguments	darwin,linux,windows
cmd/curator	TestGlobalStatusReportsATransitivelyResolvedCompiledCommand	darwin,linux,windows
cmd/curator	TestGlobalStatusReportsCompiledCurrentnessAndFailsCheck	darwin,linux,windows
cmd/curator	TestGlobalStatusWithoutASkillfileStaysSilentAndCurrent	darwin,linux,windows
cmd/curator	TestGlobalUpgradeDryRunDoesNotCreateSkillsRoot	darwin,linux,windows
cmd/curator	TestGoToolchainGuidanceNamesTheAcceptedSelectionAndTestedFamilies	darwin,linux,windows
cmd/curator	TestHiddenWorkerModeIsNotAUserVisibleCommand	darwin,linux,windows
cmd/curator	TestInputCausesAreDistinctAndDocumented	darwin,linux,windows
cmd/curator	TestInstallAuditFlagAcceptsOptionalMode	darwin,linux,windows
cmd/curator	TestInstallFlagsAcceptTrailingOptions	darwin,linux,windows
cmd/curator	TestMain	darwin,linux,windows
cmd/curator	TestMarkerDigestsDetectAConcurrentInstallMarkerChange	darwin,linux,windows
cmd/curator	TestMarkerRefusalSeparatesUnsupportedFromInvalid	darwin,linux,windows
cmd/curator	TestRepairNoticesDistinguishRepairFromAPreservedInstallation	darwin,linux,windows
cmd/curator	TestRunNoArgsPrintsUsage	darwin,linux,windows
cmd/curator	TestRunUnknownCommand	darwin,linux,windows
cmd/curator	TestRunVersionExitsZero	darwin,linux,windows
cmd/curator	TestSelectProjectTargetsUsesAliasesAndStableAllOrder	darwin,linux,windows
cmd/curator	TestShellInitInstallCachesHookWithoutConfig	darwin,linux,windows
cmd/curator	TestShellInitPrintsHooks	darwin,linux,windows
cmd/curator	TestSkillCheckOnTempDir	darwin,linux,windows
cmd/curator	TestStatusAcceptsAnUnchangedLegacyMarkerSchema	darwin,linux,windows
cmd/curator	TestStatusDriftDetectsContentTampering	darwin,linux,windows
cmd/curator	TestStatusExplainsAnUnusableGoToolchain	darwin,linux,windows
cmd/curator	TestStatusJSONKeepsTheLegacyShapeWithoutCompiledCommands	darwin,linux,windows
cmd/curator	TestStatusKeepsLegacyBehaviourWhenAPlanFailsWithoutCompiledCommands	darwin,linux,windows
cmd/curator	TestStatusReportMarksCompiledStateThatMovedDuringTheCheck	darwin,linux,windows
cmd/curator	TestStatusReportReportsCompiledCommandsOfAnUninstalledSkill	darwin,linux,windows
cmd/curator	TestStatusReportsATransitivelyResolvedCompiledCommand	darwin,linux,windows
cmd/curator	TestStatusReportsAnUnusableToolchainPerCompiledCommand	darwin,linux,windows
cmd/curator	TestUnusableToolchainRowsCarryTheDriverBoundaryCode	darwin,linux,windows
cmd/curator	TestUpgradeDryRunDoesNotCreateOrFetchSkillsRoot	darwin,linux,windows
cmd/curator	TestUsageEnumeratesDocumentedCommands	darwin,linux,windows
internal/adapters	TestGitignoreEntriesAndUnknownAgents	darwin,linux,windows
internal/adapters	TestMarkerDirectoryIsAdoptable	darwin,linux,windows
internal/adapters	TestModeTransitionReplacesTheDirectoryEntryItself	darwin,linux,windows
internal/adapters	TestNativeDiscoveryAgentsGetNoProjectMirror	darwin,linux,windows
internal/adapters	TestStageGlobalCoversTheNativeDiscoveryMirrorOnce	darwin,linux,windows
internal/adapters	TestStageProjectJournalsEveryMirrorAndTheLedger	darwin,linux,windows
internal/adapters	TestStaleManagedEntriesBecomeJournaledRemovals	darwin,linux,windows
internal/adapters	TestStaleSpecialFileIsReportedRatherThanRemoved	darwin,linux,windows
internal/adapters	TestSymlinkModeStagesNothingWhenTheLiveLinkIsAlreadyCorrect	darwin,linux,windows
internal/adapters	TestSymlinkModeStagesRelativeLinkTargets	darwin,linux,windows
internal/adapters	TestUnmanagedConflictRefused	darwin,linux,windows
internal/audit	TestCanaryFires	darwin,linux,windows
internal/audit	TestDecideTable	darwin,linux,windows
internal/audit	TestDetectorsAgainstCapabilities	darwin,linux,windows
internal/audit	TestGateModes	darwin,linux,windows
internal/audit	TestGateReadOnlyDoesNotWriteVerdictCache	darwin,linux,windows
internal/audit	TestLocalRevocations	darwin,linux,windows
internal/audit	TestRequirePinForOldSchemas	darwin,linux,windows
internal/audit	TestVerdictCacheRedecidesUnderCurrentPolicy	darwin,linux,windows
internal/buildcache	TestADurabilityFaultInsideAQuarantineIsCompensatedByItsCaller	darwin,linux,windows
internal/buildcache	TestAFailedPublicationRestoresAPredecessorMovedBeforeQuarantineError	darwin,linux,windows
internal/buildcache	TestAFailedPublicationRestoresTheCacheItDisplaced	darwin,linux,windows
internal/buildcache	TestAFailedReversalIsFailClosedAndReportsAChangedCache	darwin,linux,windows
internal/buildcache	TestAFailedReversalReturnsTheWinnerMovedBeforeWithdrawError	darwin,linux,windows
internal/buildcache	TestAPublicationThatCannotRestoreReportsAChangedCache	darwin,linux,windows
internal/buildcache	TestAPublicationWhoseQuarantineRolledBackDurablyDoesNotRetainTheCache	darwin,linux,windows
internal/buildcache	TestAQuarantineReportsChangedStateOnlyWhenItsRollbackIsNotDurable	darwin,linux,windows
internal/buildcache	TestAQuarantineRollbackThatCannotBeMadeDurableReportsChangedState	darwin,linux,windows
internal/buildcache	TestAQuarantineThatCannotBeMadeDurablePutsTheEntryBack	darwin,linux,windows
internal/buildcache	TestAQuarantineThatCannotPutTheEntryBackHandsItsCallerTheRecord	darwin,linux,windows
internal/buildcache	TestAtomicPublicationConflictingRace	darwin,linux,windows
internal/buildcache	TestAtomicPublicationIdenticalRace	darwin,linux,windows
internal/buildcache	TestCacheRejectionClustersMapToStableCuratorOutcomes	darwin,linux,windows
internal/buildcache	TestCandidateCacheOutcomeVocabulary	darwin,linux,windows
internal/buildcache	TestClosedHandlesFailReadHelpers	darwin,linux,windows
internal/buildcache	TestCompilerFreeDryRunMissVector	darwin,linux,windows
internal/buildcache	TestConflictErrorCarriesLogicalKey	darwin,linux,windows
internal/buildcache	TestEntryNameRejectsNonCanonicalKeys	darwin,linux,windows
internal/buildcache	TestExplicitQuarantineMovesEntryAndMissingIsNoop	darwin,linux,windows
internal/buildcache	TestInspectMissAndUnsupportedAreReadOnly	darwin,linux,windows
internal/buildcache	TestInspectRejectsCorruptReceiptAndArtifactState	darwin,linux,windows
internal/buildcache	TestInvalidInputsFailClosed	darwin,linux,windows
internal/buildcache	TestInvalidPublicationsLeaveCacheUnpublished	darwin,linux,windows
internal/buildcache	TestProtectedCacheHitVector	darwin,linux,windows
internal/buildcache	TestPublicationRequiresHeldHomeLock	darwin,linux,windows
internal/buildcache	TestPublishAndInspectExactProtectedHit	darwin,linux,windows
internal/buildcache	TestPublishQuarantinesCorruptEntryBeforeReplacement	darwin,linux,windows
internal/buildcache	TestRetireEntryCannotEscapeTheCacheRoot	darwin,linux,windows
internal/buildcache	TestRetireEntryRefusesAnUnboundRoot	darwin,linux,windows
internal/buildcache	TestRetireEntryRemovesLinksWithoutFollowingThem	darwin,linux
internal/buildcache	TestRevertFailsClosed	darwin,linux,windows
internal/buildcache	TestRevertRestoresExactlyWhatAPublicationDisplaced	darwin,linux,windows
internal/buildcache	TestSweepClassificationSurvivesACacheRootExchangedMidPass	darwin,linux,windows
internal/buildcache	TestSweepDoesNotFollowAReparsedCacheRoot	windows
internal/buildcache	TestSweepDoesNotFollowAReparsedEntry	windows
internal/buildcache	TestSweepDoesNotFollowASymlinkedCacheRoot	darwin,linux
internal/buildcache	TestSweepDoesNotFollowSymlinkedEntries	darwin,linux
internal/buildcache	TestSweepFinishesInterruptedRemovals	darwin,linux,windows
internal/buildcache	TestSweepRefusesACacheRootExchangedBeforeMutation	darwin,linux,windows
internal/buildcache	TestSweepRejectsUnsupportedProtectionAndNegativeGrace	darwin,linux,windows
internal/buildcache	TestSweepRemovalDoesNotFollowLinksInsideAnEntry	darwin,linux
internal/buildcache	TestSweepRemovalSurvivesACacheRootExchangedMidPass	darwin,linux,windows
internal/buildcache	TestSweepReportsMalformedReferencesAndSkewedClocks	darwin,linux,windows
internal/buildcache	TestSweepRequiresTheHomeLock	darwin,linux,windows
internal/buildcache	TestSweepRetainsForeignAndPrivateRootMembers	darwin,linux,windows
internal/buildcache	TestSweepRetainsReferencedAndYoungEntries	darwin,linux,windows
internal/buildcache	TestSweepRetainsUnprovableEntries	darwin,linux,windows
internal/buildcache	TestSweepRetainsUntrustedUnixState	darwin,linux
internal/buildcache	TestSweepRetainsUntrustedWindowsState	windows
internal/buildcache	TestSweepUsesTheDocumentedDefaultGrace	darwin,linux,windows
internal/buildcache	TestSweepWithoutACacheRootIsANoop	darwin,linux,windows
internal/buildcache	TestUnixForgedSelfConsistentEntryIsNeverAdopted	darwin,linux
internal/buildcache	TestUnixProtectedStateMatrix	darwin,linux
internal/buildcache	TestUnixProtectionHelperFailuresFailClosed	darwin,linux
internal/buildcache	TestUnixRejectsEntrySymlinkAndUnprotectedCacheRoot	darwin,linux
internal/buildcache	TestUnixRejectsManagerHomeSymlinkBoundary	darwin,linux
internal/buildcache	TestUnsupportedPublicationFailsWithoutPersistentState	darwin,linux,windows
internal/buildcache	TestValidateWindowsSecurityPolicy	windows
internal/buildcache	TestWindowsProtectedStateMatrix	windows
internal/buildmeta	TestArtifactConstraintsArePlatformDerived	darwin,linux,windows
internal/buildmeta	TestCandidateBuildMetadataArtifacts	darwin,linux,windows
internal/buildmeta	TestCandidateBuildReceiptSchemaCase	darwin,linux,windows
internal/buildmeta	TestExpectedInputComparisonCoversEveryLogicalComponent	darwin,linux,windows
internal/buildmeta	TestGoV1GoldenInputKeyReceiptAndHash	darwin,linux,windows
internal/buildmeta	TestInputAndToolchainValidationRejectMalformedModels	darwin,linux,windows
internal/buildmeta	TestPortableExecutionPolicyIsTheOnlyAdmittedBuildInput	darwin,linux,windows
internal/buildmeta	TestReadersRejectWrongJSONTypes	darwin,linux,windows
internal/buildmeta	TestReceiptHashIsConsistencyMetadata	darwin,linux,windows
internal/buildmeta	TestReceiptReaderRejectsDerivedIdentityAndArtifactMismatches	darwin,linux,windows
internal/buildmeta	TestStrictReadersRejectEveryMissingOrUnknownField	darwin,linux,windows
internal/buildmeta	TestStrictReadersRejectNoncanonicalOrIncompleteMetadata	darwin,linux,windows
internal/buildmeta	TestTargetTuningIsArchitectureDerived	darwin,linux,windows
internal/buildsource	TestAuthoritativeFramingVectors	darwin,linux,windows
internal/buildsource	TestBuildSourceConformanceVectors	darwin,linux,windows
internal/buildsource	TestBuildSourceIdentityVectors	darwin,linux,windows
internal/buildsource	TestFrozenTokenRejectsMutation	darwin,linux,windows
internal/buildsource	TestFrozenTokenRejectsRootReplacement	darwin,linux,windows
internal/buildsource	TestMarkerChangesBuildSourceButNotLegacyHash	darwin,linux,windows
internal/buildsource	TestModesAndTimestampsAreNotFrozenInputs	darwin,linux,windows
internal/buildsource	TestRejectsInvalidPathsLinksAndCollisions	darwin,linux,windows
internal/buildsource	TestRejectsSpecialFile	darwin,linux
internal/buildsource	TestWithValidatedOrdersCallbackAndRejectsMutation	darwin,linux,windows
internal/capabilities	TestParseDefaults	darwin,linux,windows
internal/capabilities	TestParseFilesystemPaths	darwin,linux,windows
internal/capabilities	TestParseFull	darwin,linux,windows
internal/capabilities	TestParseNilIsImplicitNone	darwin,linux,windows
internal/capabilities	TestParseRejections	darwin,linux,windows
internal/closure	TestActivationModesAndNarrowing	darwin,linux,windows
internal/closure	TestAllowlistGatesNetworkClone	darwin,linux,windows
internal/closure	TestBuildCommandCollisions	darwin,linux,windows
internal/closure	TestBuildCommandNamesUseBytewiseLexicalOrder	darwin,linux,windows
internal/closure	TestBuildCommandOrderingConformanceVector	darwin,linux,windows
internal/closure	TestBuildCommandsActivateLikeScriptsButSystemCommandsDoNot	darwin,linux,windows
internal/closure	TestClosureOrderingConformanceVector	darwin,linux,windows
internal/closure	TestCommandCollisions	darwin,linux,windows
internal/closure	TestCycleFails	darwin,linux,windows
internal/closure	TestDevSubstitutionReplacesAndSkipsUnification	darwin,linux,windows
internal/closure	TestDiamondResolvesOnceProvidersFirst	darwin,linux,windows
internal/closure	TestFetchExistingIsScopedToReachedClosureAndDeduplicated	darwin,linux,windows
internal/closure	TestMissingRepoWithoutGitFails	darwin,linux,windows
internal/closure	TestNarrowingSystemCommandFails	darwin,linux,windows
internal/closure	TestNarrowingUnknownCommandFails	darwin,linux,windows
internal/closure	TestSameCommitDifferentRefsUnify	darwin,linux,windows
internal/closure	TestScratchResolutionLeavesPersistentRootsAbsent	darwin,linux,windows
internal/closure	TestVersionConflictNamesBothChains	darwin,linux,windows
internal/config	TestBootstrapAndAddProject	darwin,linux,windows
internal/config	TestMalformedSystemConfigFailsClosed	darwin,linux,windows
internal/config	TestMissingConfigError	darwin,linux,windows
internal/config	TestParseMinimalDefaults	darwin,linux,windows
internal/config	TestParseProjectsAndRegistries	darwin,linux,windows
internal/config	TestParseRejections	darwin,linux,windows
internal/config	TestRegistryURLCanonicalization	darwin,linux,windows
internal/config	TestSystemConfigLockedButUnsetFails	darwin,linux,windows
internal/config	TestSystemConfigLockedKeys	darwin,linux,windows
internal/config	TestSystemConfigUnlockedDefaultApplies	darwin,linux,windows
internal/devsub	TestGitSubstitutionAllowsBranch	darwin,linux,windows
internal/devsub	TestMissingFileYieldsEmpty	darwin,linux,windows
internal/devsub	TestPathSubstitutionResolvesAgainstProject	darwin,linux,windows
internal/devsub	TestRejections	darwin,linux,windows
internal/envfiles	TestWriteGlobal	darwin,linux,windows
internal/envfiles	TestWriteProjectShapesAndSourcing	darwin,linux,windows
internal/gitignore	TestEnsureFailsWithoutIgnoreThenFixes	darwin,linux,windows
internal/gitignore	TestEnsurePassesWhenAlreadyIgnored	darwin,linux,windows
internal/gitops	TestArchiveExtractsExactTree	darwin,linux,windows
internal/gitops	TestArchiveRejectsLinks	darwin,linux,windows
internal/gitops	TestCloneAndResolve	darwin,linux,windows
internal/gitops	TestCloneRefusesExistingDestination	darwin,linux,windows
internal/gitops	TestCloneRefusesSuspiciousURLs	darwin,linux,windows
internal/gitops	TestFetchAndSubmodules	darwin,linux,windows
internal/globalbins	TestRefreshDoesNotOverwriteFormerlyManagedCommandReplacedByUser	darwin,linux,windows
internal/globalbins	TestRefreshNeverOverwritesUnmanagedCommand	darwin,linux,windows
internal/globalbins	TestRefreshPublishesAndRemovesManagedUnixShims	darwin,linux,windows
internal/globalbins	TestRefreshPublishesWindowsCommandWrapper	darwin,linux,windows
internal/globalbins	TestRefreshWarnsWhenNoSafeBinExists	darwin,linux,windows
internal/globalbins	TestSafeSelectionFeedsStagedForwardingTargetWithoutLiveMutation	darwin,linux,windows
internal/globalbins	TestSelectRejectsProtectedAndInvisibleBins	darwin,linux,windows
internal/godriver	TestAppliedControlReportMustAgreeWithItsEvidence	darwin,linux,windows
internal/godriver	TestBuildClassifiesOfflineVendorAndToolchainFailures	darwin,linux,windows
internal/godriver	TestBuildDetectsSourceMutationThroughTheLastChild	darwin,linux,windows
internal/godriver	TestBuildEmitsExactlyOneClosedCapabilityEvidenceRecord	darwin,linux,windows
internal/godriver	TestBuildEnforcesOutputDeadlineDiskAndNonzeroExit	darwin,linux,windows
internal/godriver	TestBuildFailsClosedWhenTheGoChildCannotStart	darwin,linux,windows
internal/godriver	TestBuildPermitIsBoundToTheSessionAndVector	darwin,linux,windows
internal/godriver	TestBuildRejectsArtifactLinksOversizeAndUnexpectedOutputs	darwin,linux,windows
internal/godriver	TestBuildRejectsDirectivesPGOAndMultipleRootsBeforeBuild	darwin,linux,windows
internal/godriver	TestBuildRejectsEveryPackageInfluenceSurface	darwin,linux,windows
internal/godriver	TestBuildRejectsHardLinkedArtifact	darwin,linux,windows
internal/godriver	TestBuildRejectsOversizedPrivateState	darwin,linux,windows
internal/godriver	TestBuildRejectsWorkspaceAndPackageSelectedToolchainBeforeGo	darwin,linux,windows
internal/godriver	TestBuildRequiresThePackageCommandSurface	darwin,linux,windows
internal/godriver	TestBuildRunsExactlyOneFixedListAndBuildInsideTheWorker	darwin,linux,windows
internal/godriver	TestBuildStopsBeforeBuildForEveryPreflightRejectionClass	darwin,linux,windows
internal/godriver	TestBuildTerminatesTheCompleteWorkerDomain	darwin,linux,windows
internal/godriver	TestCacheIdentityMatchesTheAcceptedVector	darwin,linux,windows
internal/godriver	TestCandidateGoV1SourceAwareContract	darwin,linux,windows
internal/godriver	TestCandidateLinkOutsideDerivedGOROOTFails	darwin,linux,windows
internal/godriver	TestCandidateRC4ToolchainArtifacts	darwin,linux,windows
internal/godriver	TestCapabilityEvidenceCasesMatchTheAcceptedVector	darwin,linux,windows
internal/godriver	TestCapabilityEvidenceConsistencyRules	darwin,linux,windows
internal/godriver	TestCapabilityEvidenceIsNotACacheOrReceiptInput	darwin,linux,windows
internal/godriver	TestCapabilityEvidenceRecordMatchesTheAcceptedVector	darwin,linux,windows
internal/godriver	TestConfigFromEnvironmentAdmitsOnlyTrustedSelectors	darwin,linux,windows
internal/godriver	TestControlDomainInstallsBeforeTheWorkerIsReleased	darwin,linux,windows
internal/godriver	TestControlSeamFailureNeverDriftsIntoAHardenedClaim	darwin,linux,windows
internal/godriver	TestDeferredGuaranteesAndFailureBoundaryMatchTheAcceptedVector	darwin,linux,windows
internal/godriver	TestDeferredHardenedGuaranteesNeverAppearAndNeverReject	darwin,linux,windows
internal/godriver	TestDirectiveScanFindsExactTokenAcrossReadBoundary	darwin,linux,windows
internal/godriver	TestDriverRejectionClustersMapToStableCuratorErrors	darwin,linux,windows
internal/godriver	TestEstablishUsesExactPrivateProbeAndFrozenEnvironment	darwin,linux,windows
internal/godriver	TestEveryControlSeamFailureRejectsBeforeTheWorkerExecutes	darwin,linux,windows
internal/godriver	TestExecutableIdentityRejectsSubstitutionAndMutation	darwin,linux,windows
internal/godriver	TestFingerprintCancellationStaysFailClosed	darwin,linux,windows
internal/godriver	TestFingerprintDetectsMutationBetweenRuns	darwin,linux,windows
internal/godriver	TestFingerprintDigestPhaseResolvesEveryFileFromTheRoot	darwin,linux,windows
internal/godriver	TestFingerprintDigestPhaseResolvesReplacedAncestors	darwin,linux,windows
internal/godriver	TestFingerprintDoesNotDescendLinkedDirectories	darwin,linux,windows
internal/godriver	TestFingerprintImplementationMatchesRC4ToolchainVector	darwin,linux
internal/godriver	TestFingerprintIsStableAcrossRepeatedRuns	darwin,linux,windows
internal/godriver	TestFingerprintRejectsDanglingLink	darwin,linux,windows
internal/godriver	TestFingerprintRejectsDuplicateEncodedClaim	darwin,linux,windows
internal/godriver	TestFingerprintRejectsEscapingAndAbsoluteLinks	darwin,linux,windows
internal/godriver	TestFingerprintRejectsFileRecordResolvingToADirectory	darwin,linux,windows
internal/godriver	TestFingerprintRejectsInvalidUnicodePath	darwin,linux
internal/godriver	TestFingerprintRejectsSpecialFile	darwin,linux
internal/godriver	TestFingerprintReportsUnreadableDirectoryIdentically	darwin,linux,windows
internal/godriver	TestFingerprintTraversalMatchesLegacyOnErrorPrecedence	darwin,linux,windows
internal/godriver	TestFingerprintTraversalMatchesLegacyOnFailClosedTrees	darwin,linux,windows
internal/godriver	TestFingerprintTraversalMatchesLegacyOnRealToolchain	darwin,linux,windows
internal/godriver	TestFingerprintTraversalMatchesLegacyOnRepresentativeTrees	darwin,linux,windows
internal/godriver	TestFixedBuildArgvGuardAcceptsOnlyTheProtocolVector	darwin,linux,windows
internal/godriver	TestFixedEnvironmentAndFiveDirectArgvFormsVector	darwin,linux,windows
internal/godriver	TestGoVersionLFAndCRLFNormalizeToSameIdentity	darwin,linux,windows
internal/godriver	TestGodriverHelperProcess	darwin,linux,windows
internal/godriver	TestIdentityProtocolAndPackageInfluenceCodesMatchTheAcceptedVector	darwin,linux,windows
internal/godriver	TestMain	darwin,linux,windows
internal/godriver	TestMalformedVersionAndEnvironmentInputs	darwin,linux,windows
internal/godriver	TestMandatoryControlSetIsExactAndCarriesNoHardenedClaim	darwin,linux,windows
internal/godriver	TestMandatoryControlsMatchTheAcceptedVector	darwin,linux,windows
internal/godriver	TestNativeControlInventoryIsExhaustiveAndClosed	darwin,linux,windows
internal/godriver	TestNativeControlInventoryMatchesTheAcceptedVector	darwin,linux,windows
internal/godriver	TestOSExecutorClosesStdinAndCapturesBoundedOutput	darwin,linux,windows
internal/godriver	TestOSExecutorEnforcesOutputAndTimeBounds	darwin,linux,windows
internal/godriver	TestPackageCommandSurfaceIsClosed	darwin,linux,windows
internal/godriver	TestPackageGraphRejectsMalformedMissingAndDuplicateResults	darwin,linux,windows
internal/godriver	TestPackageGraphValidatesStandardMainModuleAndVendoredTransitiveInputs	darwin,linux,windows
internal/godriver	TestParentClassifiesAChildStartFailureWithoutBuildContinuation	darwin,linux,windows
internal/godriver	TestParentRejectsAWorkerRecordThatDiffersFromWhatWasInstalled	darwin,linux,windows
internal/godriver	TestPerFileSizeLimitIsReallyApplied	darwin,linux,windows
internal/godriver	TestPortableExecutionPolicyIsABindingCacheInput	darwin,linux,windows
internal/godriver	TestPortableExecutionPolicyMatchesTheAcceptedVector	darwin,linux,windows
internal/godriver	TestProbeFailuresCleanPrivateStateAndHaveStableDiagnostics	darwin,linux,windows
internal/godriver	TestProbeRejectsAnUncoveredPlatformBeforeTheWorker	darwin,linux,windows
internal/godriver	TestProbeRemovesStateAndNeverMemoizes	darwin,linux,windows
internal/godriver	TestProbeSetGuardMatchesTheInventoryExactly	darwin,linux,windows
internal/godriver	TestRealGoV1VendoredBuildIsBoundedAndNotLaunched	darwin,linux,windows
internal/godriver	TestRealTrustedGoProbe	darwin,linux,windows
internal/godriver	TestReleaseIsCleanupOnly	darwin,linux,windows
internal/godriver	TestResourceLimitsStayInsideManagerBounds	darwin,linux,windows
internal/godriver	TestSelectionFallsBackOnlyWhenHigherPriorityIsMissing	darwin,linux,windows
internal/godriver	TestSelectionPriorityAndNoPathLookup	darwin,linux,windows
internal/godriver	TestSessionFramingRejectsMalformedAndOversizeFrames	darwin,linux,windows
internal/godriver	TestToolchainFramingMatchesRC4Vector	darwin,linux,windows
internal/godriver	TestToolchainIdentityVectors	darwin,linux,windows
internal/godriver	TestToolchainMutationFailsRecheck	darwin,linux,windows
internal/godriver	TestToolchainWalkAnchorsDirectoryAndLinkMetadataAtTheRoot	darwin,linux,windows
internal/godriver	TestToolchainWalkRejectsDirectoryReplacedByFile	darwin,linux,windows
internal/godriver	TestToolchainWalkTakesDescentFromTheListedEntry	darwin,linux,windows
internal/godriver	TestUnixLauncherRequiresExecuteBit	darwin,linux
internal/godriver	TestUnsafeToolchainCandidatesFailBeforeExecution	darwin,linux,windows
internal/godriver	TestValidPackageGraphVectors	darwin,linux,windows
internal/godriver	TestVerifyArtifactRejectsHardLinks	darwin,linux,windows
internal/godriver	TestWorkerDomainTeardownSurvivesARefusedChild	darwin,linux,windows
internal/godriver	TestWorkerEnvironmentGuardAcceptsOnlyTheClosedOfflineEnvironment	darwin,linux,windows
internal/godriver	TestWorkerModeIsNotReachableThroughPackageData	darwin,linux,windows
internal/godriver	TestWorkerRejectsAProbeThatDropsAPlatformAvailableControl	darwin,linux,windows
internal/godriver	TestWorkerRejectsEveryIdentityAndRequestMutation	darwin,linux,windows
internal/godriver	TestWorkerRejectsEveryProtocolDeviationBeforeTheCompiler	darwin,linux,windows
internal/godriver	TestWorkerReturnsABoundedResultWhenTheGoChildCannotStart	darwin,linux,windows
internal/godriver	TestWorkerRunsTheCompleteHappySession	darwin,linux,windows
internal/hashing	TestByteLayout	darwin,linux,windows
internal/hashing	TestCrossCheckTree	darwin,linux,windows
internal/hashing	TestEmptyTree	darwin,linux,windows
internal/hashing	TestMarkerExcluded	darwin,linux,windows
internal/hashing	TestNormalize	darwin,linux,windows
internal/hashing	TestOrderIndependence	darwin,linux,windows
internal/identifiers	TestPortablePath	darwin,linux,windows
internal/identifiers	TestValid	darwin,linux,windows
internal/identifiers	TestValidLocale	darwin,linux,windows
internal/identifiers	TestValidSourcePath	darwin,linux,windows
internal/identity	TestAllowed	darwin,linux,windows
internal/identity	TestCanonical	darwin,linux,windows
internal/identity	TestMatchesPrefix	darwin,linux,windows
internal/identity	TestParseRejectsAmbiguousNetworkForms	darwin,linux,windows
internal/identity	TestValidCanonical	darwin,linux,windows
internal/install	TestAFailedCommitRestoresTheBuildCacheItReplaced	darwin,linux,windows
internal/install	TestAPublicationThatChangedTheCacheIsReportedAsRetained	darwin,linux,windows
internal/install	TestAReversalThatDidNotCompleteIsReportedAsRetained	darwin,linux,windows
internal/install	TestARolledBackTargetCommitRestoresTheBuildCacheItReplaced	darwin,linux,windows
internal/install	TestAdapterLedgerCommitsAfterTheMirrorsItClaims	darwin,linux,windows
internal/install	TestAnInFlightTransactionKeepsThePublishedCacheEntry	darwin,linux,windows
internal/install	TestAuditGateBlocksUndeclaredNetwork	darwin,linux,windows
internal/install	TestAuthoritativeCacheOutcomesDriveInstallation	darwin,linux,windows
internal/install	TestAuthoritativeCacheRejectionsAreRebuiltNeverAdopted	darwin,linux,windows
internal/install	TestAuthoritativeDryRunCasesMutateNothingPersistent	darwin,linux,windows
internal/install	TestBuildFailuresAreRedactedInTheResult	darwin,linux,windows
internal/install	TestBuildPublicationFailuresAreRedactedInTheResult	darwin,linux,windows
internal/install	TestBuildRootExcludedBeforeLocaleRenderingWithoutCompilerExecution	darwin,linux,windows
internal/install	TestByteIdenticalRewriteDuringTheReadDoesNotRestart	darwin,linux,windows
internal/install	TestCacheHitOnlyPlanStillFinalizesToolchainTrust	darwin,linux,windows
internal/install	TestCacheHitPerformsNoSourceAwareGoCommand	darwin,linux,windows
internal/install	TestCacheInspectionIsBracketedByTheFrozenSource	darwin,linux,windows
internal/install	TestCachePublicationFailureLeavesInstallationAndProtectedCacheUntouched	darwin,linux,windows
internal/install	TestCommitOrdersTargetClassesWithConsumerLast	darwin,linux,windows
internal/install	TestConcurrentProjectInstallsPreserveBothConsumers	darwin,linux,windows
internal/install	TestConsumerLedgerIsAbsentAfterAFailedFirstInstallAndCommitsLastOnSuccess	darwin,linux,windows
internal/install	TestCorruptCacheEntryIsRebuiltAndNeverReused	darwin,linux,windows
internal/install	TestDeclarationGenerationIsContentAddressed	darwin,linux,windows
internal/install	TestDefaultToolchainEstablishRemovesItsPrivateRootOnFailure	darwin,linux,windows
internal/install	TestDefaultToolchainProbeRemovesItsProbeRootOnFailure	darwin,linux,windows
internal/install	TestDefaultToolchainProbeRemovesItsProbeRootOnSuccess	darwin,linux,windows
internal/install	TestDevSubstitutionAppearingBeforeHomeLockRestartsClosureResolution	darwin,linux,windows
internal/install	TestDocumentGenerationIsStableWhenUnreadable	darwin,linux,windows
internal/install	TestDryRunPlansBuildsWithoutToolchainSessionOrPersistentState	darwin,linux,windows
internal/install	TestDryRunRemovesItsOperationPrivateRootOnFailure	darwin,linux,windows
internal/install	TestDryRunReportsCacheHitWithoutBuilding	darwin,linux,windows
internal/install	TestDryRunTouchesNothing	darwin,linux,windows
internal/install	TestEndToEndInstall	darwin,linux,windows
internal/install	TestGitignoreGateSkips	darwin,linux,windows
internal/install	TestGlobalCommitCarriesNoConsumerLedger	darwin,linux,windows
internal/install	TestGlobalDeclarationAddedBeforeHomeLockRestartsAndCommitsTheNewClosure	darwin,linux,windows
internal/install	TestGlobalDeclarationRemovedBeforeHomeLockRestartsAndCommitsNoStaleState	darwin,linux,windows
internal/install	TestGlobalDryRunKeepsEveryEphemeralPathInOneOperationPrivateRoot	darwin,linux,windows
internal/install	TestGlobalDryRunPlansBuildsWithoutSessionOrPersistentState	darwin,linux,windows
internal/install	TestGlobalDryRunRemovesItsOperationPrivateRootOnFailure	darwin,linux,windows
internal/install	TestGlobalInstall	darwin,linux,windows
internal/install	TestGlobalInstallUsesManifestLocaleAndAuditGate	darwin,linux,windows
internal/install	TestGlobalManifestABAAroundTheReadRestartsClosure	darwin,linux,windows
internal/install	TestGlobalMarkersCarryMcpAndAttestationEvidence	darwin,linux,windows
internal/install	TestGlobalMcpFailureBlocksToolchainCacheAndBuild	darwin,linux,windows
internal/install	TestGlobalRegistryFailureBlocksToolchainCacheAndBuild	darwin,linux,windows
internal/install	TestGlobalReleaseTakesNoToolchainVerdictAfterLiveMutation	darwin,linux,windows
internal/install	TestGlobalStagingFailureLeavesGlobalScopeUnchanged	darwin,linux,windows
internal/install	TestGlobalStrictTagsDetectMovedTag	darwin,linux,windows
internal/install	TestGlobalToolchainDriftAfterTheFinalBuildPreservesGlobalScope	darwin,linux,windows
internal/install	TestGlobalUpgradeDryRunLeavesPersistentStateUnchanged	darwin,linux,windows
internal/install	TestHybridActivationABAAroundTheReadRestartsClosure	darwin,linux,windows
internal/install	TestHybridShadowedByProjectDeclaration	darwin,linux,windows
internal/install	TestHybridSkillActivatesWithoutTouchingProjectStore	darwin,linux,windows
internal/install	TestIncompletePlansNeverClaimACompleteDiagnostic	darwin,linux,windows
internal/install	TestInjectedClockAndGenerationReaderDriveInstallMarkers	darwin,linux,windows
internal/install	TestInstallHelperProcess	darwin,linux,windows
internal/install	TestMaintenanceFailureAfterCommitIsAWarning	darwin,linux,windows
internal/install	TestMcpRequirementGatesInstall	darwin,linux,windows
internal/install	TestMissingSystemCommandFails	darwin,linux,windows
internal/install	TestMovedTagWarningAndStrict	darwin,linux,windows
internal/install	TestNoSharedTargetChangesBeforeTheManagerHomeLock	darwin,linux,windows
internal/install	TestObservationsRecheckDocumentsAgainstTheParsedBytes	darwin,linux,windows
internal/install	TestPlanLinesRedactAnUntrustedReason	darwin,linux,windows
internal/install	TestPlannedBuildAccessorsAreImmutable	darwin,linux,windows
internal/install	TestPostCommitMaintenanceMarksInFlightJournals	darwin,linux,windows
internal/install	TestPostCommitMaintenanceRunsUnderTheHeldHomeLock	darwin,linux,windows
internal/install	TestPostCommitMaintenanceWarningsReachTheResult	darwin,linux,windows
internal/install	TestProjectDeclarationAddedBeforeHomeLockRestartsAndCommitsTheNewClosure	darwin,linux,windows
internal/install	TestProjectDeclarationRemovedBeforeHomeLockRestartsAndCommitsNoStaleState	darwin,linux,windows
internal/install	TestProjectDryRunKeepsEveryEphemeralPathInOneOperationPrivateRoot	darwin,linux,windows
internal/install	TestProjectManifestABAAroundTheReadRestartsClosure	darwin,linux,windows
internal/install	TestReadDocumentBindsGenerationToBytesReplacedByRename	darwin,linux,windows
internal/install	TestReadDocumentBindsGenerationToBytesRewrittenInPlace	darwin,linux,windows
internal/install	TestRealRunKeepsEveryEphemeralPathInOneOperationPrivateRoot	darwin,linux,windows
internal/install	TestRecoveryCompletesBeforeAnyNewMutation	darwin,linux,windows
internal/install	TestRedactDiagnosticCannotDriveATerminal	darwin,linux,windows
internal/install	TestRedactDiagnosticIsBounded	darwin,linux,windows
internal/install	TestRedactDiagnosticKeepsInvalidUTF8Out	darwin,linux,windows
internal/install	TestRedactDiagnosticReplacesEveryAbsoluteLocation	darwin,linux,windows
internal/install	TestRegistryAttestationLandsInMarker	darwin,linux,windows
internal/install	TestRegistryRevocationDeniesInstall	darwin,linux,windows
internal/install	TestReleaseTakesNoToolchainVerdictAfterLiveMutation	darwin,linux,windows
internal/install	TestRemovedSkillCleanedUp	darwin,linux,windows
internal/install	TestRollbackCannotRestoreOverAnotherProjectsCommittedSharedTargets	darwin,linux,windows
internal/install	TestRuntimeLauncherCapturesDeclaredSystemDependency	darwin,linux,windows
internal/install	TestRuntimeLauncherResolvesSkillDependencyWithoutShellHook	darwin,linux,windows
internal/install	TestRuntimeOnlyProviderGetsMarkerNoAdapter	darwin,linux,windows
internal/install	TestRuntimeOnlyProviderStillRequiresSkillMd	darwin,linux,windows
internal/install	TestScriptOnlyInstallPerformsNoToolchainOrCacheWork	darwin,linux,windows
internal/install	TestSecondBuildFailurePreservesPriorInstallationAndLiveCache	darwin,linux,windows
internal/install	TestSecondInstallIsUpToDate	darwin,linux,windows
internal/install	TestSessionReleaseFailureWarnsWithoutFailingACommittedInstall	darwin,linux,windows
internal/install	TestSourceMutationDuringStagingBlocksHandoffOfACacheHit	darwin,linux,windows
internal/install	TestStableDeclarationInputsCommitWithoutRestarting	darwin,linux,windows
internal/install	TestStagedOutputsStayPrivateAndAreReleased	darwin,linux,windows
internal/install	TestStagedPlanRejectsTwoProducersClaimingOneLivePath	darwin,linux,windows
internal/install	TestStagingRunsProviderFirstAndCommandLexical	darwin,linux,windows
internal/install	TestStaleInstalledGenerationRestartsInsteadOfApplyingTheOldPlan	darwin,linux,windows
internal/install	TestStrictRegistryPolicyFailsUnknown	darwin,linux,windows
internal/install	TestSubstitutionsABAAroundTheReadRestartsClosure	darwin,linux,windows
internal/install	TestTamperTriggersReinstall	darwin,linux,windows
internal/install	TestToolchainDriftAfterTheFinalBuildBlocksHandoffAndPreservesLiveState	darwin,linux,windows
internal/install	TestToolchainFailureBlocksEveryPersistentMutation	darwin,linux,windows
internal/install	TestToolchainFailurePlansAnInventoryOfEveryActiveCommand	darwin,linux,windows
internal/install	TestUnsupportedCacheProtectionFailsClosed	darwin,linux,windows
internal/install	TestUntrustedCacheEntryIsRebuiltAndNeverReused	darwin,linux,windows
internal/install/atomicity	TestAdapterMirrorLinksAreJournaledAndRestoredExactly	darwin,linux,windows
internal/install/atomicity	TestFailureAtEveryTargetClassRestoresPriorStateInReverseOrder	darwin,linux,windows
internal/install/atomicity	TestHybridDeclarationAddedBeforeHomeLockRestartsAndCommitsTheNewClosure	darwin,linux,windows
internal/install/atomicity	TestHybridDeclarationRemovedBeforeHomeLockRestartsAndCommitsNoStaleContext	darwin,linux,windows
internal/install/atomicity	TestHybridDeclarationRetargetedBeforeHomeLockRestartsAndCommitsNoStaleContext	darwin,linux,windows
internal/install/atomicity	TestStableHybridActivationCommitsWithoutRestarting	darwin,linux,windows
internal/install/atomicity	TestStaleAdapterEntryIsRemovedBeforeTheConsumerLedger	darwin,linux,windows
internal/install/atomicity	TestStaleAdapterRemovalRollsBackToTheExactPriorEntry	darwin,linux,windows
internal/interop	TestCanonicalJSONVectors	darwin,linux,windows
internal/interop	TestGoldenContextCopy	darwin,linux,windows
internal/interop	TestGoldenFederationSemantics	darwin,linux,windows
internal/interop	TestGoldenMarkerObject	darwin,linux,windows
internal/interop	TestGoldenRegistryObjects	darwin,linux,windows
internal/interop	TestGoldenSnapshotHash	darwin,linux,windows
internal/interop	TestIdentifierVectors	darwin,linux,windows
internal/interop	TestLocaleSelectorVectors	darwin,linux,windows
internal/interop	TestManagerConfigVectors	darwin,linux,windows
internal/interop	TestManagerLifecycleVectors	darwin,linux,windows
internal/interop	TestRegistryClientPaginationRejectionVectors	darwin,linux,windows
internal/interop	TestRegistryClientRetryExecutionPolicy	darwin,linux,windows
internal/interop	TestRegistryClientRetryVectors	darwin,linux,windows
internal/interop	TestRegistryClientRollbackStateVectors	darwin,linux,windows
internal/interop	TestRegistryClientSnapshotTransitionVectors	darwin,linux,windows
internal/interop	TestSkillManifestResolutionVectors	darwin,linux,windows
internal/interop	TestSourceIdentityVectors	darwin,linux,windows
internal/locale	TestConsistentLocaleRenders	darwin,linux,windows
internal/locale	TestInconsistentCatalogsFail	darwin,linux,windows
internal/locale	TestNoLocaleSelectedMeansNoChecks	darwin,linux,windows
internal/locale	TestNoMetadataInstallsUnderAnyLocale	darwin,linux,windows
internal/locale	TestUnavailableLocaleFallsBackWithWarning	darwin,linux,windows
internal/managerlock	TestAbnormalChildExitReleasesOSLock	darwin,linux,windows
internal/managerlock	TestBuildKeyMustBeReleasedBeforeHome	darwin,linux,windows
internal/managerlock	TestCancellationReleasesPartialAcquisition	darwin,linux,windows
internal/managerlock	TestCanonicalProjectIdentitiesAndOrder	darwin,linux,windows
internal/managerlock	TestConcurrentFirstUsePreparesOneManagerIdentity	darwin,linux,windows
internal/managerlock	TestDryRunCreatesNoLockState	darwin,linux,windows
internal/managerlock	TestLockIdentitiesAreDeterministicAndManagerLocal	darwin,linux,windows
internal/managerlock	TestManagerLockHelper	darwin,linux,windows
internal/managerlock	TestMissingHomeBelowSymlinkKeepsIdentityAndContends	darwin,linux,windows
internal/managerlock	TestMissingHomeUsesCanonicalExistingPrefix	darwin,linux,windows
internal/managerlock	TestProjectOrderInversionFailsBeforeWaiting	darwin,linux,windows
internal/managerlock	TestReleasedLockFileRemainsAndCanBeReacquired	darwin,linux,windows
internal/managerlock	TestSubprocessBuildKeyDeduplicationAcrossProjects	darwin,linux,windows
internal/managerlock	TestSubprocessContentionAndIndependentProjects	darwin,linux,windows
internal/managerlock	TestWindowsCaseSensitivePrefixMultiComponentFirstUse	windows
internal/managerlock	TestWindowsMissingHomeCaseAliasesShareIdentityAndContention	windows
internal/managerlock	TestWindowsMixedCaseSensitivityKeepsDistinctHomes	windows
internal/manifest	TestEnsureEmptyAndEditing	darwin,linux,windows
internal/manifest	TestLoadRejectsDuplicateJSONKeys	darwin,linux,windows
internal/manifest	TestMissingManifestIsNil	darwin,linux,windows
internal/manifest	TestParseFull	darwin,linux,windows
internal/manifest	TestParseRejections	darwin,linux,windows
internal/marker	TestActivationOrderInsensitive	darwin,linux,windows
internal/marker	TestAuthoritativeCompiledMarkerRoundTripsThroughWriter	darwin,linux,windows
internal/marker	TestBuildCurrentnessResultPropagatesSnapshotCloseFailure	darwin,linux,windows
internal/marker	TestCompiledCurrentnessFailureMatrix	darwin,linux,windows
internal/marker	TestCompiledCurrentnessRoundTripAndCallbackOrder	darwin,linux,windows
internal/marker	TestCompiledCurrentnessTreatsSnapshotIOAsUnknown	darwin,linux,windows
internal/marker	TestCurrentRoundTrip	darwin,linux,windows
internal/marker	TestDriftFieldsInvalidate	darwin,linux,windows
internal/marker	TestPackageRootMarkerBytesAffectBuildSourceButNotInstalledContentHash	darwin,linux,windows
internal/marker	TestReadAbsentAndCorrupt	darwin,linux,windows
internal/marker	TestReadAuthoritativeMarkerV2SchemaCases	darwin,linux,windows
internal/marker	TestReadLegacyV1AndRewriteAsV2WithoutChangingContentHash	darwin,linux,windows
internal/marker	TestReadLegacyV1AndRewriteV2PreservesEmptyRequirer	darwin,linux,windows
internal/marker	TestReadRejectsSchemaViolations	darwin,linux,windows
internal/marker	TestReplaceDirSwapsAndCleans	darwin,linux,windows
internal/marker	TestSnapshotMutationDuringCacheInspectionIsNonCurrent	darwin,linux,windows
internal/marker	TestTamperDetectedByRehash	darwin,linux,windows
internal/marker	TestUnsupportedSchemaErrors	darwin,linux,windows
internal/marker	TestV2WriterSortsEverySetLikeField	darwin,linux,windows
internal/marker	TestWriteAlwaysProducesCanonicalMarkerV2	darwin,linux,windows
internal/marker	TestWriteRejectsInvalidV2State	darwin,linux,windows
internal/marker	TestWriteUsesWireCompatibleEmptyValues	darwin,linux,windows
internal/mcp	TestClaudeDisabledServersDoNotCount	darwin,linux,windows
internal/mcp	TestMalformedConfigCountsAsEmpty	darwin,linux,windows
internal/mcp	TestProjectOnlyPendingWarning	darwin,linux,windows
internal/mcp	TestStaticStdioWarning	darwin,linux,windows
internal/mcp	TestSurfacesPerAgent	darwin,linux,windows
internal/mcp	TestVerifyAllSemantics	darwin,linux,windows
internal/mcp	TestVerifyAnySemantics	darwin,linux,windows
internal/protocoljson	TestCanonicalEqualAndUnmarshal	darwin,linux,windows
internal/protocoljson	TestMarshalCanonical	darwin,linux,windows
internal/protocoljson	TestMarshalCanonicalIntegerAndCollectionTypes	darwin,linux,windows
internal/protocoljson	TestMarshalCanonicalRejectsUnsupportedValues	darwin,linux,windows
internal/protocoljson	TestRequireCanonical	darwin,linux,windows
internal/protocoljson	TestValidate	darwin,linux,windows
internal/registry	TestCanonicalBytes	darwin,linux,windows
internal/registry	TestHTTPFailuresUseOfflineCacheAndRejectSnapshots	darwin,linux,windows
internal/registry	TestHTTPFetchCacheAndOfflineGrace	darwin,linux,windows
internal/registry	TestHTTPFetchFollowsBoundedPagination	darwin,linux,windows
internal/registry	TestMatches	darwin,linux,windows
internal/registry	TestParseRecordValidation	darwin,linux,windows
internal/registry	TestPublish	darwin,linux,windows
internal/registry	TestReadOnlyHTTPFetchDoesNotCreateCache	darwin,linux,windows
internal/registry	TestReadOnlySnapshotCheckDoesNotCreateOrAdvanceState	darwin,linux,windows
internal/registry	TestResolveDenyWins	darwin,linux,windows
internal/registry	TestResolveDeprecatedAndUnknown	darwin,linux,windows
internal/registry	TestResolveWarningTaxonomy	darwin,linux,windows
internal/registry	TestSnapshotRequiresCompleteShapeAndRejectsEquivocation	darwin,linux,windows
internal/registry	TestSnapshotRollbackStateCorruptionFailsClosedAndMigrates	darwin,linux,windows
internal/registry	TestSnapshotVerification	darwin,linux,windows
internal/registry	TestVerifySigned	darwin,linux,windows
internal/runtimestore	TestAuthoritativeLauncherCasesForwardArgvPathRolesAndExitStatus	darwin,linux,windows
internal/runtimestore	TestCandidateManagerLauncherContract	darwin,linux,windows
internal/runtimestore	TestCompiledShimsStageWithoutLaunchThenPostInstallForwardExactly	darwin,linux,windows
internal/runtimestore	TestInstallRuntimeRootsOncePerCommit	darwin,linux,windows
internal/runtimestore	TestInstallSingleCommandAndShims	darwin,linux,windows
internal/runtimestore	TestMain	windows
internal/runtimestore	TestPrepareScriptRuntimeRejectsInvalidTypedInputs	darwin,linux,windows
internal/runtimestore	TestPrepareScriptRuntimeReusesOnlyCompleteManagedTree	darwin,linux,windows
internal/runtimestore	TestPrepareScriptRuntimeStagesIncompleteReplacementWithoutBuildRoots	darwin,linux,windows
internal/runtimestore	TestPrepareSingleScriptStagesManagedBinWithoutCopyingSnapshotTree	darwin,linux,windows
internal/runtimestore	TestRemoveStaleShims	darwin,linux,windows
internal/runtimestore	TestRuntimeCommandPath	darwin,linux,windows
internal/runtimestore	TestShimTransitionMatrixIsDeterministicAndManagerScoped	darwin,linux,windows
internal/runtimestore	TestStagingRejectsLiveOverlapAndUnsafePathEntries	darwin,linux,windows
internal/runtimestore	TestUnixLauncherCarriesRuntimePathArgumentsAndExitStatus	darwin,linux,windows
internal/runtimestore	TestUnixPostInstallShimPropagatesSignal	darwin,linux
internal/runtimestore	TestWindowsLauncherCarriesRuntimePathAndExitStatus	darwin,linux,windows
internal/runtimestore	TestWindowsPostInstallWrappersForwardArgumentsPathAndExitCode	windows
internal/scopes	TestARepeatedRegistryMemberNeverEmptiesTheRegistry	darwin,linux,windows
internal/scopes	TestAppliesToProject	darwin,linux,windows
internal/scopes	TestAuthoritativeGarbageCollectionRootsAreRetained	darwin,linux,windows
internal/scopes	TestCollectForwardsTheSweepClockAndGrace	darwin,linux,windows
internal/scopes	TestCollectMarksBuildKeysFromEveryLiveScope	darwin,linux,windows
internal/scopes	TestCollectMarksRuntimeFromEverySupportedMarkerSchema	darwin,linux,windows
internal/scopes	TestCollectPrunesConsumersInsideTheSamePass	darwin,linux,windows
internal/scopes	TestCollectReportsSweepFailuresWithoutLosingRuntimeWork	darwin,linux,windows
internal/scopes	TestCollectRequiresTheHomeLock	darwin,linux,windows
internal/scopes	TestCollectResolvesTheRealStoreByDefault	darwin,linux,windows
internal/scopes	TestCollectRetainsAJournalOwnedEntry	darwin,linux,windows
internal/scopes	TestCollectRetainsBuildEntriesWhenAMarkerCannotBeRead	darwin,linux,windows
internal/scopes	TestCollectSkipsTheBuildSweepOnUnprovableReferences	darwin,linux,windows
internal/scopes	TestCollectStaysFailSafeAcrossConsecutivePasses	darwin,linux,windows
internal/scopes	TestCollectStaysFailSafeOnRedirectedUnixScopes	darwin,linux
internal/scopes	TestCollectStaysFailSafeOnRedirectedWindowsScopes	windows
internal/scopes	TestCollectSweepsOnlyUnreferencedProtectedEntries	darwin,linux,windows
internal/scopes	TestConsumersRoundTrip	darwin,linux,windows
internal/scopes	TestGcKeepsReferencedRuntime	darwin,linux,windows
internal/scopes	TestGcPrunesDeadConsumers	darwin,linux,windows
internal/scopes	TestHybridAddRemove	darwin,linux,windows
internal/scopes	TestHybridDeclsRequireTargets	darwin,linux,windows
internal/scopes	TestNonDirectoryScopeMembersDoNotBlockMaintenance	darwin,linux,windows
internal/scopes	TestParseConsumersAcceptsOnlyTheCanonicalRegistry	darwin,linux,windows
internal/scopes	TestRecordingAConsumerNeverOverwritesAnUntrustedRegistry	darwin,linux,windows
internal/scopes	TestStructDecodingWouldTrustARepeatedRegistryMember	darwin,linux,windows
internal/scopes	TestWritersRefuseARepeatedRegistryMember	darwin,linux,windows
internal/shell	TestBashHookDoesNotDuplicatePromptCommand	darwin,linux,windows
internal/shell	TestBashHookPreservesPromptCommandArray	darwin,linux,windows
internal/shell	TestDetectIsCrossPlatform	darwin,linux,windows
internal/shell	TestHookVariants	darwin,linux,windows
internal/shell	TestInstallHookAndSourceCommand	darwin,linux,windows
internal/shell	TestPosixHookDoesNotReenterWhileSourcingGlobalEnv	darwin,linux,windows
internal/shell	TestPosixHookEntersNestedSwitchesAndLeavesProjects	darwin,linux,windows
internal/shell	TestPosixHookNormalizesGitBashConfigAndAvoidsDirname	darwin,linux,windows
internal/shell	TestPosixHookRejectsNonAbsolutePWDWithoutHanging	darwin,linux,windows
internal/shell	TestPosixHookSupportsNounsetProfiles	darwin,linux,windows
internal/shell	TestPowerShellHookRunsOnEveryPrompt	darwin,linux,windows
internal/shell	TestZshHookIsIdempotentAndDoesNotReenter	darwin,linux,windows
internal/skillcheck	TestBuildRootContentInContextVector	darwin,linux,windows
internal/skillcheck	TestValidateAcceptsCrossPlatformShellNeutralResolver	darwin,linux,windows
internal/skillcheck	TestValidateBuildCommandRequiresShellNeutralResolver	darwin,linux,windows
internal/skillcheck	TestValidateDoesNotScanMarkdownInsideExcludedBuildRoot	darwin,linux,windows
internal/skillcheck	TestValidateLocaleWarning	darwin,linux,windows
internal/skillcheck	TestValidateMissingSkillAndInvalidManifest	darwin,linux,windows
internal/skillcheck	TestValidateWarnsAboutBuildSourcePathInPromptContext	darwin,linux,windows
internal/skillcheck	TestValidateWarnsAboutRuntimePathInPromptContext	darwin,linux,windows
internal/skillcheck	TestValidateWarnsWhenConsumerGuessesProviderRuntimePath	darwin,linux,windows
internal/skillspec	TestCanonicalManifestResolution	darwin,linux,windows
internal/skillspec	TestCapabilitiesRequiredFromV3	darwin,linux,windows
internal/skillspec	TestCommandDependencies	darwin,linux,windows
internal/skillspec	TestDependenciesGating	darwin,linux,windows
internal/skillspec	TestLegacyManifestWinsOverRuntimeFallback	darwin,linux,windows
internal/skillspec	TestLegacyRuntimeFallback	darwin,linux,windows
internal/skillspec	TestLegacyRuntimeFallbackRejectsBuildObject	darwin,linux,windows
internal/skillspec	TestManifestAndFilesystemRejectionVectors	darwin,linux,windows
internal/skillspec	TestMcpServers	darwin,linux,windows
internal/skillspec	TestPortablePathConformanceVectors	darwin,linux,windows
internal/skillspec	TestPureContextSkill	darwin,linux,windows
internal/skillspec	TestRequirements	darwin,linux,windows
internal/skillspec	TestRuntimeRoots	darwin,linux,windows
internal/skillspec	TestSchemaSixMixedScriptAndBuildCommandsVector	darwin,linux,windows
internal/skillspec	TestSchemaV6AllowsSourceDirEqualBuildRoot	darwin,linux,windows
internal/skillspec	TestSchemaV6BuildCommandClosedShapeDiagnostics	darwin,linux,windows
internal/skillspec	TestSchemaV6BuildDiagnosticsAreStable	darwin,linux,windows
internal/skillspec	TestSchemaV6BuildManifestAliasesAndMixedCommands	darwin,linux,windows
internal/skillspec	TestSchemaV6BuildPathAndModuleDiagnostics	darwin,linux,windows
internal/skillspec	TestSchemaV6BuildRootDiagnostics	darwin,linux,windows
internal/skillspec	TestSchemaV6ConformanceCases	darwin,linux,windows
internal/skillspec	TestSchemaV6FixtureParsingDoesNotExecuteGo	darwin,linux,windows
internal/skillspec	TestSchemaV6RejectsLinkedBuildPaths	darwin,linux,windows
internal/skillspec	TestSchemaV6RejectsLinkedGoMod	darwin,linux,windows
internal/skillspec	TestSchemaV6SystemCommandSchemaChecksRemainVersionGated	darwin,linux,windows
internal/skillspec	TestSchemaV6UsesEveryBuildRoot	darwin,linux,windows
internal/skillspec	TestSchemaVersionValidation	darwin,linux,windows
internal/skillspec	TestScriptCommands	darwin,linux,windows
internal/skillspec	TestSystemCommands	darwin,linux,windows
internal/skillspec	TestUnknownTopLevelFieldsRejectedFromV2	darwin,linux,windows
internal/snapshot	TestConcurrentGetPublishesOneValidSnapshot	darwin,linux,windows
internal/snapshot	TestConcurrentGetRepairsPresentTamperedSnapshotAtomically	darwin,linux,windows
internal/snapshot	TestGetCachesValidatedCommitTree	darwin,linux,windows
internal/snapshot	TestGetRepairsTamperedOrIncompleteCache	darwin,linux,windows
internal/snapshot	TestGetRepairsTamperedSelectionAndGenerationTypes	darwin,linux,windows
internal/snapshot	TestGetValidatesRepositoryBeforeReusingCache	darwin,linux,windows
internal/snapshot	TestSnapshotLockSerializesCallers	darwin,linux,windows
internal/staging	TestMergeKeepsEveryTarget	darwin,linux,windows
internal/staging	TestRemovalAndEntryKindsAreRecorded	darwin,linux,windows
internal/staging	TestSortedOrdersClassesThenIdentifiersWithConsumerLast	darwin,linux,windows
internal/staging	TestValidateRejectsProducerDefects	darwin,linux,windows
internal/transaction	TestAPIsRequireHeldHomeLock	darwin,linux,windows
internal/transaction	TestBuildJournalRejectsCaseAliasesOnCaseInsensitiveDarwinFilesystem	darwin
internal/transaction	TestBuildJournalRejectsCaseInsensitiveLiveAliases	windows
internal/transaction	TestBuildJournalRejectsInvalidPlansAndTargets	darwin,linux,windows
internal/transaction	TestBuildJournalRejectsNormalizationAliasesOnNormalizationInsensitiveDarwinFilesystem	darwin
internal/transaction	TestBuildJournalRejectsOverlappingAndAliasedTargetNamespaces	darwin,linux,windows
internal/transaction	TestCleanupPhaseRecoveryRetainsDesiredAndRemovesBackups	darwin,linux,windows
internal/transaction	TestCleanupPreservesUnknownOrSimultaneousTombs	darwin,linux,windows
internal/transaction	TestCleanupRecoveryPreservesConcurrentOwnedTombState	darwin,linux,windows
internal/transaction	TestCleanupRecoveryResumesOwnedDirectoryTombAtEveryRemovalBoundary	darwin,linux,windows
internal/transaction	TestCleanupRejectsRootDirectoryMetadataChangeAndRetainsRecoveryState	darwin,linux
internal/transaction	TestCommitAndRollbackRestoreALinkExactly	darwin,linux,windows
internal/transaction	TestCommitRecoveryRejectsAmbiguousPendingBackups	darwin,linux,windows
internal/transaction	TestConcurrentDigestAndReferencedKeyReads	darwin,linux,windows
internal/transaction	TestCreationAndRemovalRollbackRestoreExactPreimages	darwin,linux,windows
internal/transaction	TestDigestCopyAndNoReplaceRejectUnsafeOrUnknownPaths	darwin,linux,windows
internal/transaction	TestDirectoryDigestBindsRootMetadata	darwin,linux
internal/transaction	TestDirectoryReplacementAndGenerationExpectation	darwin,linux,windows
internal/transaction	TestDurableRemovalCleansCrashTombWhenOriginalIsAbsent	darwin,linux,windows
internal/transaction	TestDurableRemovalPreservesUnprovenCrashTomb	darwin,linux,windows
internal/transaction	TestEntryKindDigestsLinksAndBytesWhileByteKindStaysStrict	darwin,linux,windows
internal/transaction	TestEntryRemovalRestoresTheExactLink	darwin,linux,windows
internal/transaction	TestEntryStagingRefusesLinksInsideATree	darwin,linux,windows
internal/transaction	TestEntryTargetRejectsGenerationExpectations	darwin,linux,windows
internal/transaction	TestEntryTargetsDoNotAliasTheirDestination	darwin,linux,windows
internal/transaction	TestFaultAtEveryTargetBoundaryRollsBackInReverse	darwin,linux,windows
internal/transaction	TestJournalStateIsDurableBeforeEachNextSwap	darwin,linux,windows
internal/transaction	TestLoadJournalRejectsNoncanonicalUnknownAndMultipleJSON	darwin,linux,windows
internal/transaction	TestNamespaceIdentityIsReadOnceWithinOneValidationPass	darwin,linux,windows
internal/transaction	TestNamespaceIdentitySnapshotDoesNotOutliveItsPass	darwin,linux,windows
internal/transaction	TestPrepareCanonicalJournalReferencedKeysAndCommitCleanup	darwin,linux,windows
internal/transaction	TestPrepareFaultAndPreparingRecoveryCleanStagingWithoutLiveMutation	darwin,linux,windows
internal/transaction	TestPrepareStagedParentSyncFailureDoesNotPublishPreparedJournal	darwin,linux,windows
internal/transaction	TestPrepareSyncsStagedParentBeforePreparedJournal	darwin,linux,windows
internal/transaction	TestPreparingRecoveryPreservesChangedDurableStagingPrefix	darwin,linux,windows
internal/transaction	TestPreparingRecoveryPreservesConcurrentStagingState	darwin,linux,windows
internal/transaction	TestPreparingRecoveryPreservesStateOutsideStagingWriteAhead	darwin,linux,windows
internal/transaction	TestRecoverRejectsDecodedTargetNamespacesAliasedWhileStopped	darwin,linux,windows
internal/transaction	TestRecoveryFinishesAPreparedLinkTransaction	darwin,linux,windows
internal/transaction	TestRecoveryProcessesTransactionIDsAndRollbackStateDeterministically	darwin,linux,windows
internal/transaction	TestRestartDiscoversAndFinishesJournalCleanupTomb	darwin,linux,windows
internal/transaction	TestRollbackCleanupRecoveryResumesOwnedDirectoryTomb	darwin,linux,windows
internal/transaction	TestRollbackCorruptionBranchesNeverOverwriteUnknownState	darwin,linux,windows
internal/transaction	TestRollbackDesiredDigestMismatchPreservesUnknownBytes	darwin,linux,windows
internal/transaction	TestRollbackRejectsRootDirectoryMetadataChangeAndPreservesTarget	darwin,linux
internal/transaction	TestSaveJournalRejectsNamespaceAliasIntroducedBetweenSaves	darwin,linux,windows
internal/transaction	TestSubprocessCrashRecoveryAfterStagingChunkSync	darwin,linux,windows
internal/transaction	TestSubprocessCrashRecoveryAtSwapBoundaries	darwin,linux,windows
internal/transaction	TestSubprocessCrashRecoveryDuringPreparation	darwin,linux,windows
internal/transaction	TestTransactionCrashHelper	darwin,linux,windows
internal/transaction	TestValidateIndependentTargetNamespacesAcceptsDisjointPaths	darwin,linux,windows
internal/transaction	TestValidateIndependentTargetNamespacesRejectsMalformedPaths	darwin,linux,windows
internal/transaction	TestValidateIndependentTargetNamespacesRejectsOverlappingPaths	darwin,linux,windows
internal/transaction	TestValidateJournalRejectsEveryNoncanonicalFieldCluster	darwin,linux,windows
internal/transaction	TestValidateJournalRejectsNoncanonicalStagingPrefixProgress	darwin,linux,windows
internal/transaction	TestWindowsJournalRemovalUsesPersistedModeAndPreservesChangedBytes	windows
internal/transaction	TestWindowsRegularAndTreeDurability	windows
internal/ui	TestGoldenScreens	darwin,linux,windows
internal/ui	TestKeysDriveTheModel	darwin,linux,windows
internal/ui	TestReducerNavigation	darwin,linux,windows
internal/ui	TestReducerRoundTrip	darwin,linux,windows
internal/verr	TestErrorCarriesPath	darwin,linux,windows
internal/verr	TestErrorWithoutPath	darwin,linux,windows
internal/version	TestLdflagsValueWins	darwin,linux,windows
internal/version	TestStringNonEmpty	darwin,linux,windows
internal/whitelist	TestBuildRootContextExclusionConformanceFixture	darwin,linux,windows
internal/whitelist	TestBuildRootExcludedFromAgentContextVector	darwin,linux,windows
internal/whitelist	TestContextExcludedRootsAreSortedAndUnique	darwin,linux,windows
internal/whitelist	TestCopyContextWhitelist	darwin,linux,windows
internal/whitelist	TestDestinationReplaced	darwin,linux,windows
internal/whitelist	TestMissingSkillMdFails	darwin,linux,windows
internal/whitelist	TestRuntimeAndBuildRootsExcludedFromContext	darwin,linux,windows
internal/whitelist	TestRuntimeRootsExcludedFromContext	darwin,linux,windows
internal/whitelist	TestScriptsIncludedForCommandlessSkill	darwin,linux,windows
