cmd/curator	TestBootstrapAndProjectCommands	darwin
cmd/curator	TestBootstrapAndProjectCommands	linux
cmd/curator	TestBootstrapAndProjectCommands	windows
cmd/curator	TestCLIEndToEndInstallStatusAndTamperCheck	darwin
cmd/curator	TestCLIEndToEndInstallStatusAndTamperCheck	linux
cmd/curator	TestCLIEndToEndInstallStatusAndTamperCheck	windows
cmd/curator	TestInstallAuditFlagAcceptsOptionalMode	darwin
cmd/curator	TestInstallAuditFlagAcceptsOptionalMode	linux
cmd/curator	TestInstallAuditFlagAcceptsOptionalMode	windows
cmd/curator	TestInstallFlagsAcceptTrailingOptions	darwin
cmd/curator	TestInstallFlagsAcceptTrailingOptions	linux
cmd/curator	TestInstallFlagsAcceptTrailingOptions	windows
cmd/curator	TestRunNoArgsPrintsUsage	darwin
cmd/curator	TestRunNoArgsPrintsUsage	linux
cmd/curator	TestRunNoArgsPrintsUsage	windows
cmd/curator	TestRunUnknownCommand	darwin
cmd/curator	TestRunUnknownCommand	linux
cmd/curator	TestRunUnknownCommand	windows
cmd/curator	TestRunVersionExitsZero	darwin
cmd/curator	TestRunVersionExitsZero	linux
cmd/curator	TestRunVersionExitsZero	windows
cmd/curator	TestSelectProjectTargetsUsesAliasesAndStableAllOrder	darwin
cmd/curator	TestSelectProjectTargetsUsesAliasesAndStableAllOrder	linux
cmd/curator	TestSelectProjectTargetsUsesAliasesAndStableAllOrder	windows
cmd/curator	TestShellInitPrintsHooks	darwin
cmd/curator	TestShellInitPrintsHooks	linux
cmd/curator	TestShellInitPrintsHooks	windows
cmd/curator	TestSkillCheckOnTempDir	darwin
cmd/curator	TestSkillCheckOnTempDir	linux
cmd/curator	TestSkillCheckOnTempDir	windows
cmd/curator	TestStatusDriftDetectsContentTampering	darwin
cmd/curator	TestStatusDriftDetectsContentTampering	linux
cmd/curator	TestStatusDriftDetectsContentTampering	windows
cmd/curator	TestUsageEnumeratesDocumentedCommands	darwin
cmd/curator	TestUsageEnumeratesDocumentedCommands	linux
cmd/curator	TestUsageEnumeratesDocumentedCommands	windows
internal/adapters	TestGitignoreEntriesAndUnknownAgents	darwin
internal/adapters	TestGitignoreEntriesAndUnknownAgents	linux
internal/adapters	TestGitignoreEntriesAndUnknownAgents	windows
internal/adapters	TestMarkerDirectoryIsAdoptable	darwin
internal/adapters	TestMarkerDirectoryIsAdoptable	linux
internal/adapters	TestMarkerDirectoryIsAdoptable	windows
internal/adapters	TestNativeDiscoveryAgentsGetNoProjectMirror	darwin
internal/adapters	TestNativeDiscoveryAgentsGetNoProjectMirror	linux
internal/adapters	TestNativeDiscoveryAgentsGetNoProjectMirror	windows
internal/adapters	TestRefreshGlobalNativeDiscoveryMirror	darwin
internal/adapters	TestRefreshGlobalNativeDiscoveryMirror	linux
internal/adapters	TestRefreshGlobalNativeDiscoveryMirror	windows
internal/adapters	TestRefreshProjectMirrorsAndPrunes	darwin
internal/adapters	TestRefreshProjectMirrorsAndPrunes	linux
internal/adapters	TestRefreshProjectMirrorsAndPrunes	windows
internal/adapters	TestSymlinkModeUsesRelativeLinks	darwin
internal/adapters	TestSymlinkModeUsesRelativeLinks	linux
internal/adapters	TestSymlinkModeUsesRelativeLinks	windows
internal/adapters	TestUnmanagedConflictRefused	darwin
internal/adapters	TestUnmanagedConflictRefused	linux
internal/adapters	TestUnmanagedConflictRefused	windows
internal/audit	TestCanaryFires	darwin
internal/audit	TestCanaryFires	linux
internal/audit	TestCanaryFires	windows
internal/audit	TestDecideTable	darwin
internal/audit	TestDecideTable	linux
internal/audit	TestDecideTable	windows
internal/audit	TestDetectorsAgainstCapabilities	darwin
internal/audit	TestDetectorsAgainstCapabilities	linux
internal/audit	TestDetectorsAgainstCapabilities	windows
internal/audit	TestGateModes	darwin
internal/audit	TestGateModes	linux
internal/audit	TestGateModes	windows
internal/audit	TestLocalRevocations	darwin
internal/audit	TestLocalRevocations	linux
internal/audit	TestLocalRevocations	windows
internal/audit	TestRequirePinForOldSchemas	darwin
internal/audit	TestRequirePinForOldSchemas	linux
internal/audit	TestRequirePinForOldSchemas	windows
internal/audit	TestVerdictCacheRedecidesUnderCurrentPolicy	darwin
internal/audit	TestVerdictCacheRedecidesUnderCurrentPolicy	linux
internal/audit	TestVerdictCacheRedecidesUnderCurrentPolicy	windows
internal/capabilities	TestParseDefaults	darwin
internal/capabilities	TestParseDefaults	linux
internal/capabilities	TestParseDefaults	windows
internal/capabilities	TestParseFilesystemPaths	darwin
internal/capabilities	TestParseFilesystemPaths	linux
internal/capabilities	TestParseFilesystemPaths	windows
internal/capabilities	TestParseFull	darwin
internal/capabilities	TestParseFull	linux
internal/capabilities	TestParseFull	windows
internal/capabilities	TestParseNilIsImplicitNone	darwin
internal/capabilities	TestParseNilIsImplicitNone	linux
internal/capabilities	TestParseNilIsImplicitNone	windows
internal/capabilities	TestParseRejections	darwin
internal/capabilities	TestParseRejections	linux
internal/capabilities	TestParseRejections	windows
internal/closure	TestActivationModesAndNarrowing	darwin
internal/closure	TestActivationModesAndNarrowing	linux
internal/closure	TestActivationModesAndNarrowing	windows
internal/closure	TestAllowlistGatesNetworkClone	darwin
internal/closure	TestAllowlistGatesNetworkClone	linux
internal/closure	TestAllowlistGatesNetworkClone	windows
internal/closure	TestClosureOrderingConformanceVector	darwin
internal/closure	TestClosureOrderingConformanceVector	linux
internal/closure	TestClosureOrderingConformanceVector	windows
internal/closure	TestCommandCollisions	darwin
internal/closure	TestCommandCollisions	linux
internal/closure	TestCommandCollisions	windows
internal/closure	TestCycleFails	darwin
internal/closure	TestCycleFails	linux
internal/closure	TestCycleFails	windows
internal/closure	TestDevSubstitutionReplacesAndSkipsUnification	darwin
internal/closure	TestDevSubstitutionReplacesAndSkipsUnification	linux
internal/closure	TestDevSubstitutionReplacesAndSkipsUnification	windows
internal/closure	TestDiamondResolvesOnceProvidersFirst	darwin
internal/closure	TestDiamondResolvesOnceProvidersFirst	linux
internal/closure	TestDiamondResolvesOnceProvidersFirst	windows
internal/closure	TestMissingRepoWithoutGitFails	darwin
internal/closure	TestMissingRepoWithoutGitFails	linux
internal/closure	TestMissingRepoWithoutGitFails	windows
internal/closure	TestNarrowingUnknownCommandFails	darwin
internal/closure	TestNarrowingUnknownCommandFails	linux
internal/closure	TestNarrowingUnknownCommandFails	windows
internal/closure	TestSameCommitDifferentRefsUnify	darwin
internal/closure	TestSameCommitDifferentRefsUnify	linux
internal/closure	TestSameCommitDifferentRefsUnify	windows
internal/closure	TestVersionConflictNamesBothChains	darwin
internal/closure	TestVersionConflictNamesBothChains	linux
internal/closure	TestVersionConflictNamesBothChains	windows
internal/config	TestBootstrapAndAddProject	darwin
internal/config	TestBootstrapAndAddProject	linux
internal/config	TestBootstrapAndAddProject	windows
internal/config	TestMalformedSystemConfigFailsClosed	darwin
internal/config	TestMalformedSystemConfigFailsClosed	linux
internal/config	TestMalformedSystemConfigFailsClosed	windows
internal/config	TestMissingConfigError	darwin
internal/config	TestMissingConfigError	linux
internal/config	TestMissingConfigError	windows
internal/config	TestParseMinimalDefaults	darwin
internal/config	TestParseMinimalDefaults	linux
internal/config	TestParseMinimalDefaults	windows
internal/config	TestParseProjectsAndRegistries	darwin
internal/config	TestParseProjectsAndRegistries	linux
internal/config	TestParseProjectsAndRegistries	windows
internal/config	TestParseRejections	darwin
internal/config	TestParseRejections	linux
internal/config	TestParseRejections	windows
internal/config	TestRegistryURLCanonicalization	darwin
internal/config	TestRegistryURLCanonicalization	linux
internal/config	TestRegistryURLCanonicalization	windows
internal/config	TestSystemConfigLockedButUnsetFails	darwin
internal/config	TestSystemConfigLockedButUnsetFails	linux
internal/config	TestSystemConfigLockedButUnsetFails	windows
internal/config	TestSystemConfigLockedKeys	darwin
internal/config	TestSystemConfigLockedKeys	linux
internal/config	TestSystemConfigLockedKeys	windows
internal/config	TestSystemConfigUnlockedDefaultApplies	darwin
internal/config	TestSystemConfigUnlockedDefaultApplies	linux
internal/config	TestSystemConfigUnlockedDefaultApplies	windows
internal/devsub	TestGitSubstitutionAllowsBranch	darwin
internal/devsub	TestGitSubstitutionAllowsBranch	linux
internal/devsub	TestGitSubstitutionAllowsBranch	windows
internal/devsub	TestMissingFileYieldsEmpty	darwin
internal/devsub	TestMissingFileYieldsEmpty	linux
internal/devsub	TestMissingFileYieldsEmpty	windows
internal/devsub	TestPathSubstitutionResolvesAgainstProject	darwin
internal/devsub	TestPathSubstitutionResolvesAgainstProject	linux
internal/devsub	TestPathSubstitutionResolvesAgainstProject	windows
internal/devsub	TestRejections	darwin
internal/devsub	TestRejections	linux
internal/devsub	TestRejections	windows
internal/envfiles	TestWriteGlobal	darwin
internal/envfiles	TestWriteGlobal	linux
internal/envfiles	TestWriteGlobal	windows
internal/envfiles	TestWriteProjectShapesAndSourcing	darwin
internal/envfiles	TestWriteProjectShapesAndSourcing	linux
internal/envfiles	TestWriteProjectShapesAndSourcing	windows
internal/gitignore	TestEnsureFailsWithoutIgnoreThenFixes	darwin
internal/gitignore	TestEnsureFailsWithoutIgnoreThenFixes	linux
internal/gitignore	TestEnsureFailsWithoutIgnoreThenFixes	windows
internal/gitignore	TestEnsurePassesWhenAlreadyIgnored	darwin
internal/gitignore	TestEnsurePassesWhenAlreadyIgnored	linux
internal/gitignore	TestEnsurePassesWhenAlreadyIgnored	windows
internal/gitops	TestArchiveExtractsExactTree	darwin
internal/gitops	TestArchiveExtractsExactTree	linux
internal/gitops	TestArchiveExtractsExactTree	windows
internal/gitops	TestArchiveRejectsLinks	darwin
internal/gitops	TestArchiveRejectsLinks	linux
internal/gitops	TestArchiveRejectsLinks	windows
internal/gitops	TestCloneAndResolve	darwin
internal/gitops	TestCloneAndResolve	linux
internal/gitops	TestCloneAndResolve	windows
internal/gitops	TestCloneRefusesExistingDestination	darwin
internal/gitops	TestCloneRefusesExistingDestination	linux
internal/gitops	TestCloneRefusesExistingDestination	windows
internal/gitops	TestCloneRefusesSuspiciousURLs	darwin
internal/gitops	TestCloneRefusesSuspiciousURLs	linux
internal/gitops	TestCloneRefusesSuspiciousURLs	windows
internal/gitops	TestFetchAndSubmodules	darwin
internal/gitops	TestFetchAndSubmodules	linux
internal/gitops	TestFetchAndSubmodules	windows
internal/hashing	TestByteLayout	darwin
internal/hashing	TestByteLayout	linux
internal/hashing	TestByteLayout	windows
internal/hashing	TestCrossCheckTree	darwin
internal/hashing	TestCrossCheckTree	linux
internal/hashing	TestCrossCheckTree	windows
internal/hashing	TestEmptyTree	darwin
internal/hashing	TestEmptyTree	linux
internal/hashing	TestEmptyTree	windows
internal/hashing	TestMarkerExcluded	darwin
internal/hashing	TestMarkerExcluded	linux
internal/hashing	TestMarkerExcluded	windows
internal/hashing	TestNormalize	darwin
internal/hashing	TestNormalize	linux
internal/hashing	TestNormalize	windows
internal/hashing	TestOrderIndependence	darwin
internal/hashing	TestOrderIndependence	linux
internal/hashing	TestOrderIndependence	windows
internal/identifiers	TestPortablePath	darwin
internal/identifiers	TestPortablePath	linux
internal/identifiers	TestPortablePath	windows
internal/identifiers	TestValid	darwin
internal/identifiers	TestValid	linux
internal/identifiers	TestValid	windows
internal/identifiers	TestValidLocale	darwin
internal/identifiers	TestValidLocale	linux
internal/identifiers	TestValidLocale	windows
internal/identifiers	TestValidSourcePath	darwin
internal/identifiers	TestValidSourcePath	linux
internal/identifiers	TestValidSourcePath	windows
internal/identity	TestAllowed	darwin
internal/identity	TestAllowed	linux
internal/identity	TestAllowed	windows
internal/identity	TestCanonical	darwin
internal/identity	TestCanonical	linux
internal/identity	TestCanonical	windows
internal/identity	TestMatchesPrefix	darwin
internal/identity	TestMatchesPrefix	linux
internal/identity	TestMatchesPrefix	windows
internal/identity	TestParseRejectsAmbiguousNetworkForms	darwin
internal/identity	TestParseRejectsAmbiguousNetworkForms	linux
internal/identity	TestParseRejectsAmbiguousNetworkForms	windows
internal/identity	TestValidCanonical	darwin
internal/identity	TestValidCanonical	linux
internal/identity	TestValidCanonical	windows
internal/install	TestAuditGateBlocksUndeclaredNetwork	darwin
internal/install	TestAuditGateBlocksUndeclaredNetwork	linux
internal/install	TestAuditGateBlocksUndeclaredNetwork	windows
internal/install	TestDryRunTouchesNothing	darwin
internal/install	TestDryRunTouchesNothing	linux
internal/install	TestDryRunTouchesNothing	windows
internal/install	TestEndToEndInstall	darwin
internal/install	TestEndToEndInstall	linux
internal/install	TestEndToEndInstall	windows
internal/install	TestGitignoreGateSkips	darwin
internal/install	TestGitignoreGateSkips	linux
internal/install	TestGitignoreGateSkips	windows
internal/install	TestGlobalInstall	darwin
internal/install	TestGlobalInstall	linux
internal/install	TestGlobalInstall	windows
internal/install	TestGlobalInstallUsesManifestLocaleAndAuditGate	darwin
internal/install	TestGlobalInstallUsesManifestLocaleAndAuditGate	linux
internal/install	TestGlobalInstallUsesManifestLocaleAndAuditGate	windows
internal/install	TestGlobalStrictTagsDetectMovedTag	darwin
internal/install	TestGlobalStrictTagsDetectMovedTag	linux
internal/install	TestGlobalStrictTagsDetectMovedTag	windows
internal/install	TestHybridShadowedByProjectDeclaration	darwin
internal/install	TestHybridShadowedByProjectDeclaration	linux
internal/install	TestHybridShadowedByProjectDeclaration	windows
internal/install	TestHybridSkillActivatesWithoutTouchingProjectStore	darwin
internal/install	TestHybridSkillActivatesWithoutTouchingProjectStore	linux
internal/install	TestHybridSkillActivatesWithoutTouchingProjectStore	windows
internal/install	TestMcpRequirementGatesInstall	darwin
internal/install	TestMcpRequirementGatesInstall	linux
internal/install	TestMcpRequirementGatesInstall	windows
internal/install	TestMissingSystemCommandFails	darwin
internal/install	TestMissingSystemCommandFails	linux
internal/install	TestMissingSystemCommandFails	windows
internal/install	TestMovedTagWarningAndStrict	darwin
internal/install	TestMovedTagWarningAndStrict	linux
internal/install	TestMovedTagWarningAndStrict	windows
internal/install	TestRegistryAttestationLandsInMarker	darwin
internal/install	TestRegistryAttestationLandsInMarker	linux
internal/install	TestRegistryAttestationLandsInMarker	windows
internal/install	TestRegistryRevocationDeniesInstall	darwin
internal/install	TestRegistryRevocationDeniesInstall	linux
internal/install	TestRegistryRevocationDeniesInstall	windows
internal/install	TestRemovedSkillCleanedUp	darwin
internal/install	TestRemovedSkillCleanedUp	linux
internal/install	TestRemovedSkillCleanedUp	windows
internal/install	TestRuntimeOnlyProviderGetsMarkerNoAdapter	darwin
internal/install	TestRuntimeOnlyProviderGetsMarkerNoAdapter	linux
internal/install	TestRuntimeOnlyProviderGetsMarkerNoAdapter	windows
internal/install	TestRuntimeOnlyProviderStillRequiresSkillMd	darwin
internal/install	TestRuntimeOnlyProviderStillRequiresSkillMd	linux
internal/install	TestRuntimeOnlyProviderStillRequiresSkillMd	windows
internal/install	TestSecondInstallIsUpToDate	darwin
internal/install	TestSecondInstallIsUpToDate	linux
internal/install	TestSecondInstallIsUpToDate	windows
internal/install	TestStrictRegistryPolicyFailsUnknown	darwin
internal/install	TestStrictRegistryPolicyFailsUnknown	linux
internal/install	TestStrictRegistryPolicyFailsUnknown	windows
internal/install	TestTamperTriggersReinstall	darwin
internal/install	TestTamperTriggersReinstall	linux
internal/install	TestTamperTriggersReinstall	windows
internal/interop	TestCanonicalJSONVectors	darwin
internal/interop	TestCanonicalJSONVectors	linux
internal/interop	TestCanonicalJSONVectors	windows
internal/interop	TestGoldenContextCopy	darwin
internal/interop	TestGoldenContextCopy	linux
internal/interop	TestGoldenContextCopy	windows
internal/interop	TestGoldenFederationSemantics	darwin
internal/interop	TestGoldenFederationSemantics	linux
internal/interop	TestGoldenFederationSemantics	windows
internal/interop	TestGoldenMarkerObject	darwin
internal/interop	TestGoldenMarkerObject	linux
internal/interop	TestGoldenMarkerObject	windows
internal/interop	TestGoldenRegistryObjects	darwin
internal/interop	TestGoldenRegistryObjects	linux
internal/interop	TestGoldenRegistryObjects	windows
internal/interop	TestGoldenSnapshotHash	darwin
internal/interop	TestGoldenSnapshotHash	linux
internal/interop	TestGoldenSnapshotHash	windows
internal/interop	TestIdentifierVectors	darwin
internal/interop	TestIdentifierVectors	linux
internal/interop	TestIdentifierVectors	windows
internal/interop	TestLocaleSelectorVectors	darwin
internal/interop	TestLocaleSelectorVectors	linux
internal/interop	TestLocaleSelectorVectors	windows
internal/interop	TestManagerConfigVectors	darwin
internal/interop	TestManagerConfigVectors	linux
internal/interop	TestManagerConfigVectors	windows
internal/interop	TestSourceIdentityVectors	darwin
internal/interop	TestSourceIdentityVectors	linux
internal/interop	TestSourceIdentityVectors	windows
internal/locale	TestConsistentLocaleRenders	darwin
internal/locale	TestConsistentLocaleRenders	linux
internal/locale	TestConsistentLocaleRenders	windows
internal/locale	TestInconsistentCatalogsFail	darwin
internal/locale	TestInconsistentCatalogsFail	linux
internal/locale	TestInconsistentCatalogsFail	windows
internal/locale	TestNoLocaleSelectedMeansNoChecks	darwin
internal/locale	TestNoLocaleSelectedMeansNoChecks	linux
internal/locale	TestNoLocaleSelectedMeansNoChecks	windows
internal/locale	TestNoMetadataInstallsUnderAnyLocale	darwin
internal/locale	TestNoMetadataInstallsUnderAnyLocale	linux
internal/locale	TestNoMetadataInstallsUnderAnyLocale	windows
internal/locale	TestUnavailableLocaleFallsBackWithWarning	darwin
internal/locale	TestUnavailableLocaleFallsBackWithWarning	linux
internal/locale	TestUnavailableLocaleFallsBackWithWarning	windows
internal/manifest	TestEnsureEmptyAndEditing	darwin
internal/manifest	TestEnsureEmptyAndEditing	linux
internal/manifest	TestEnsureEmptyAndEditing	windows
internal/manifest	TestLoadRejectsDuplicateJSONKeys	darwin
internal/manifest	TestLoadRejectsDuplicateJSONKeys	linux
internal/manifest	TestLoadRejectsDuplicateJSONKeys	windows
internal/manifest	TestMissingManifestIsNil	darwin
internal/manifest	TestMissingManifestIsNil	linux
internal/manifest	TestMissingManifestIsNil	windows
internal/manifest	TestParseFull	darwin
internal/manifest	TestParseFull	linux
internal/manifest	TestParseFull	windows
internal/manifest	TestParseRejections	darwin
internal/manifest	TestParseRejections	linux
internal/manifest	TestParseRejections	windows
internal/marker	TestActivationOrderInsensitive	darwin
internal/marker	TestActivationOrderInsensitive	linux
internal/marker	TestActivationOrderInsensitive	windows
internal/marker	TestCurrentRoundTrip	darwin
internal/marker	TestCurrentRoundTrip	linux
internal/marker	TestCurrentRoundTrip	windows
internal/marker	TestDriftFieldsInvalidate	darwin
internal/marker	TestDriftFieldsInvalidate	linux
internal/marker	TestDriftFieldsInvalidate	windows
internal/marker	TestReadAbsentAndCorrupt	darwin
internal/marker	TestReadAbsentAndCorrupt	linux
internal/marker	TestReadAbsentAndCorrupt	windows
internal/marker	TestReadRejectsSchemaViolations	darwin
internal/marker	TestReadRejectsSchemaViolations	linux
internal/marker	TestReadRejectsSchemaViolations	windows
internal/marker	TestReplaceDirSwapsAndCleans	darwin
internal/marker	TestReplaceDirSwapsAndCleans	linux
internal/marker	TestReplaceDirSwapsAndCleans	windows
internal/marker	TestTamperDetectedByRehash	darwin
internal/marker	TestTamperDetectedByRehash	linux
internal/marker	TestTamperDetectedByRehash	windows
internal/marker	TestUnsupportedSchemaErrors	darwin
internal/marker	TestUnsupportedSchemaErrors	linux
internal/marker	TestUnsupportedSchemaErrors	windows
internal/marker	TestWriteUsesWireCompatibleEmptyValues	darwin
internal/marker	TestWriteUsesWireCompatibleEmptyValues	linux
internal/marker	TestWriteUsesWireCompatibleEmptyValues	windows
internal/mcp	TestClaudeDisabledServersDoNotCount	darwin
internal/mcp	TestClaudeDisabledServersDoNotCount	linux
internal/mcp	TestClaudeDisabledServersDoNotCount	windows
internal/mcp	TestMalformedConfigCountsAsEmpty	darwin
internal/mcp	TestMalformedConfigCountsAsEmpty	linux
internal/mcp	TestMalformedConfigCountsAsEmpty	windows
internal/mcp	TestProjectOnlyPendingWarning	darwin
internal/mcp	TestProjectOnlyPendingWarning	linux
internal/mcp	TestProjectOnlyPendingWarning	windows
internal/mcp	TestStaticStdioWarning	darwin
internal/mcp	TestStaticStdioWarning	linux
internal/mcp	TestStaticStdioWarning	windows
internal/mcp	TestSurfacesPerAgent	darwin
internal/mcp	TestSurfacesPerAgent	linux
internal/mcp	TestSurfacesPerAgent	windows
internal/mcp	TestVerifyAllSemantics	darwin
internal/mcp	TestVerifyAllSemantics	linux
internal/mcp	TestVerifyAllSemantics	windows
internal/mcp	TestVerifyAnySemantics	darwin
internal/mcp	TestVerifyAnySemantics	linux
internal/mcp	TestVerifyAnySemantics	windows
internal/protocoljson	TestValidate	darwin
internal/protocoljson	TestValidate	linux
internal/protocoljson	TestValidate	windows
internal/registry	TestCanonicalBytes	darwin
internal/registry	TestCanonicalBytes	linux
internal/registry	TestCanonicalBytes	windows
internal/registry	TestHTTPFailuresUseOfflineCacheAndRejectSnapshots	darwin
internal/registry	TestHTTPFailuresUseOfflineCacheAndRejectSnapshots	linux
internal/registry	TestHTTPFailuresUseOfflineCacheAndRejectSnapshots	windows
internal/registry	TestHTTPFetchCacheAndOfflineGrace	darwin
internal/registry	TestHTTPFetchCacheAndOfflineGrace	linux
internal/registry	TestHTTPFetchCacheAndOfflineGrace	windows
internal/registry	TestHTTPFetchFollowsBoundedPagination	darwin
internal/registry	TestHTTPFetchFollowsBoundedPagination	linux
internal/registry	TestHTTPFetchFollowsBoundedPagination	windows
internal/registry	TestMatches	darwin
internal/registry	TestMatches	linux
internal/registry	TestMatches	windows
internal/registry	TestParseRecordValidation	darwin
internal/registry	TestParseRecordValidation	linux
internal/registry	TestParseRecordValidation	windows
internal/registry	TestPublish	darwin
internal/registry	TestPublish	linux
internal/registry	TestPublish	windows
internal/registry	TestResolveDenyWins	darwin
internal/registry	TestResolveDenyWins	linux
internal/registry	TestResolveDenyWins	windows
internal/registry	TestResolveDeprecatedAndUnknown	darwin
internal/registry	TestResolveDeprecatedAndUnknown	linux
internal/registry	TestResolveDeprecatedAndUnknown	windows
internal/registry	TestResolveWarningTaxonomy	darwin
internal/registry	TestResolveWarningTaxonomy	linux
internal/registry	TestResolveWarningTaxonomy	windows
internal/registry	TestSnapshotRequiresCompleteShapeAndRejectsEquivocation	darwin
internal/registry	TestSnapshotRequiresCompleteShapeAndRejectsEquivocation	linux
internal/registry	TestSnapshotRequiresCompleteShapeAndRejectsEquivocation	windows
internal/registry	TestSnapshotVerification	darwin
internal/registry	TestSnapshotVerification	linux
internal/registry	TestSnapshotVerification	windows
internal/registry	TestVerifySigned	darwin
internal/registry	TestVerifySigned	linux
internal/registry	TestVerifySigned	windows
internal/runtimestore	TestInstallRuntimeRootsOncePerCommit	darwin
internal/runtimestore	TestInstallRuntimeRootsOncePerCommit	linux
internal/runtimestore	TestInstallRuntimeRootsOncePerCommit	windows
internal/runtimestore	TestInstallSingleCommandAndShims	darwin
internal/runtimestore	TestInstallSingleCommandAndShims	linux
internal/runtimestore	TestInstallSingleCommandAndShims	windows
internal/runtimestore	TestRemoveStaleShims	darwin
internal/runtimestore	TestRemoveStaleShims	linux
internal/runtimestore	TestRemoveStaleShims	windows
internal/runtimestore	TestRuntimeCommandPath	darwin
internal/runtimestore	TestRuntimeCommandPath	linux
internal/runtimestore	TestRuntimeCommandPath	windows
internal/scopes	TestAppliesToProject	darwin
internal/scopes	TestAppliesToProject	linux
internal/scopes	TestAppliesToProject	windows
internal/scopes	TestConsumersRoundTrip	darwin
internal/scopes	TestConsumersRoundTrip	linux
internal/scopes	TestConsumersRoundTrip	windows
internal/scopes	TestGcKeepsReferencedRuntime	darwin
internal/scopes	TestGcKeepsReferencedRuntime	linux
internal/scopes	TestGcKeepsReferencedRuntime	windows
internal/scopes	TestGcPrunesDeadConsumers	darwin
internal/scopes	TestGcPrunesDeadConsumers	linux
internal/scopes	TestGcPrunesDeadConsumers	windows
internal/scopes	TestHybridAddRemove	darwin
internal/scopes	TestHybridAddRemove	linux
internal/scopes	TestHybridAddRemove	windows
internal/scopes	TestHybridDeclsRequireTargets	darwin
internal/scopes	TestHybridDeclsRequireTargets	linux
internal/scopes	TestHybridDeclsRequireTargets	windows
internal/shell	TestHookVariants	darwin
internal/shell	TestHookVariants	linux
internal/shell	TestHookVariants	windows
internal/shell	TestPosixHookEntersNestedSwitchesAndLeavesProjects	darwin
internal/shell	TestPosixHookEntersNestedSwitchesAndLeavesProjects	linux
internal/shell	TestPosixHookEntersNestedSwitchesAndLeavesProjects	windows
internal/shell	TestPowerShellHookRunsOnEveryPrompt	darwin
internal/shell	TestPowerShellHookRunsOnEveryPrompt	linux
internal/shell	TestPowerShellHookRunsOnEveryPrompt	windows
internal/skillcheck	TestValidateLocaleWarning	darwin
internal/skillcheck	TestValidateLocaleWarning	linux
internal/skillcheck	TestValidateLocaleWarning	windows
internal/skillcheck	TestValidateMissingSkillAndInvalidManifest	darwin
internal/skillcheck	TestValidateMissingSkillAndInvalidManifest	linux
internal/skillcheck	TestValidateMissingSkillAndInvalidManifest	windows
internal/skillspec	TestCapabilitiesRequiredFromV3	darwin
internal/skillspec	TestCapabilitiesRequiredFromV3	linux
internal/skillspec	TestCapabilitiesRequiredFromV3	windows
internal/skillspec	TestCommandDependencies	darwin
internal/skillspec	TestCommandDependencies	linux
internal/skillspec	TestCommandDependencies	windows
internal/skillspec	TestCskSkillWinsOverLegacy	darwin
internal/skillspec	TestCskSkillWinsOverLegacy	linux
internal/skillspec	TestCskSkillWinsOverLegacy	windows
internal/skillspec	TestDependenciesGating	darwin
internal/skillspec	TestDependenciesGating	linux
internal/skillspec	TestDependenciesGating	windows
internal/skillspec	TestLegacyRuntimeFallback	darwin
internal/skillspec	TestLegacyRuntimeFallback	linux
internal/skillspec	TestLegacyRuntimeFallback	windows
internal/skillspec	TestMcpServers	darwin
internal/skillspec	TestMcpServers	linux
internal/skillspec	TestMcpServers	windows
internal/skillspec	TestPortablePathConformanceVectors	darwin
internal/skillspec	TestPortablePathConformanceVectors	linux
internal/skillspec	TestPortablePathConformanceVectors	windows
internal/skillspec	TestPureContextSkill	darwin
internal/skillspec	TestPureContextSkill	linux
internal/skillspec	TestPureContextSkill	windows
internal/skillspec	TestRequirements	darwin
internal/skillspec	TestRequirements	linux
internal/skillspec	TestRequirements	windows
internal/skillspec	TestRuntimeRoots	darwin
internal/skillspec	TestRuntimeRoots	linux
internal/skillspec	TestRuntimeRoots	windows
internal/skillspec	TestSchemaVersionValidation	darwin
internal/skillspec	TestSchemaVersionValidation	linux
internal/skillspec	TestSchemaVersionValidation	windows
internal/skillspec	TestScriptCommands	darwin
internal/skillspec	TestScriptCommands	linux
internal/skillspec	TestScriptCommands	windows
internal/skillspec	TestSystemCommands	darwin
internal/skillspec	TestSystemCommands	linux
internal/skillspec	TestSystemCommands	windows
internal/skillspec	TestUnknownTopLevelFieldsRejectedFromV2	darwin
internal/skillspec	TestUnknownTopLevelFieldsRejectedFromV2	linux
internal/skillspec	TestUnknownTopLevelFieldsRejectedFromV2	windows
internal/snapshot	TestGetCachesByCommit	darwin
internal/snapshot	TestGetCachesByCommit	linux
internal/snapshot	TestGetCachesByCommit	windows
internal/ui	TestGoldenScreens	darwin
internal/ui	TestGoldenScreens	linux
internal/ui	TestGoldenScreens	windows
internal/ui	TestKeysDriveTheModel	darwin
internal/ui	TestKeysDriveTheModel	linux
internal/ui	TestKeysDriveTheModel	windows
internal/ui	TestReducerNavigation	darwin
internal/ui	TestReducerNavigation	linux
internal/ui	TestReducerNavigation	windows
internal/ui	TestReducerRoundTrip	darwin
internal/ui	TestReducerRoundTrip	linux
internal/ui	TestReducerRoundTrip	windows
internal/verr	TestErrorCarriesPath	darwin
internal/verr	TestErrorCarriesPath	linux
internal/verr	TestErrorCarriesPath	windows
internal/verr	TestErrorWithoutPath	darwin
internal/verr	TestErrorWithoutPath	linux
internal/verr	TestErrorWithoutPath	windows
internal/version	TestLdflagsValueWins	darwin
internal/version	TestLdflagsValueWins	linux
internal/version	TestLdflagsValueWins	windows
internal/version	TestStringNonEmpty	darwin
internal/version	TestStringNonEmpty	linux
internal/version	TestStringNonEmpty	windows
internal/whitelist	TestCopyContextWhitelist	darwin
internal/whitelist	TestCopyContextWhitelist	linux
internal/whitelist	TestCopyContextWhitelist	windows
internal/whitelist	TestDestinationReplaced	darwin
internal/whitelist	TestDestinationReplaced	linux
internal/whitelist	TestDestinationReplaced	windows
internal/whitelist	TestMissingSkillMdFails	darwin
internal/whitelist	TestMissingSkillMdFails	linux
internal/whitelist	TestMissingSkillMdFails	windows
internal/whitelist	TestRuntimeRootsExcludedFromContext	darwin
internal/whitelist	TestRuntimeRootsExcludedFromContext	linux
internal/whitelist	TestRuntimeRootsExcludedFromContext	windows
internal/whitelist	TestScriptsIncludedForCommandlessSkill	darwin
internal/whitelist	TestScriptsIncludedForCommandlessSkill	linux
internal/whitelist	TestScriptsIncludedForCommandlessSkill	windows
